s2s3_token,s1_token,probability,support
ave,avenue,0.969,63531
mh,maharashtra,0.9892,45695
texas,tx,0.9926,42297
ln,lane,0.9748,32740
carolina,nc,0.9577,30794
महाराष्ट्र,maharashtra,0.9957,30334
ohio,oh,0.9889,26683
illinois,il,0.9901,23754
tennessee,tn,0.9916,18633
massachusetts,ma,0.9875,18060
arizona,az,0.9898,17695
up,pradesh,0.9643,17581
indiana,in,0.9801,15552
प्रदेश,pradesh,0.9796,15075
gj,gujarat,0.9881,13786
wb,bengal,0.985,13633
maryland,md,0.9699,12941
california,ca,0.9713,12050
उत्तर,uttar,0.9748,11568
ಕರ್ನಾಟಕ,karnataka,0.9916,11056
tg,telangana,0.9933,10448
alabama,al,0.9861,10429
wisconsin,wi,0.973,10057
தமிழ்நாடு,nadu,0.9964,9884
minnesota,mn,0.9886,9869
kentucky,ky,0.9483,9548
cir,circle,0.966,9482
পশ্চিমবঙ্গ,bengal,0.9935,9163
ગુજરાત,gujarat,0.9903,8894
arkansas,ar,0.9797,8675
hr,haryana,0.962,8352
rj,rajasthan,0.9871,7688
blvd,boulevard,0.9773,7389
utah,ut,0.9889,7198
తెలంగాణ,telangana,0.9962,7198
oklahoma,ok,0.9835,7151
kl,kerala,0.9874,6755
connecticut,ct,0.9647,5919
हरियाणा,haryana,0.969,5703
br,bihar,0.9659,5422
राजस्थान,rajasthan,0.9913,5044
keralam,kerala,0.9909,4482
കേരളം,kerala,0.989,4442
trl,trail,0.9799,4325
maine,me,0.9749,3992
mexico,nm,0.9662,3723
बिहार,bihar,0.9853,3548
मध्य,pradesh,0.996,3507
montana,mt,0.9565,3245
pb,punjab,0.9264,3113
od,orissa,0.9886,2711
ఆంధ్రప్రదేశ్,pradesh,0.987,2692
odisha,orissa,0.9894,2637
pkwy,parkway,0.9568,2175
ਪੰਜਾਬ,punjab,0.9328,2067
ter,terrace,0.984,2057
ଓଡ଼ିଶା,orissa,0.9948,1727
alaska,ak,0.9649,1225
atl,atlanta,0.9834,602
fourteenth,14th,0.9753,405
thirteenth,13th,0.9702,403
roda,road,0.9605,380
rad,road,0.9653,346
rdg,ridge,0.9752,282
maryvale,phoenix,0.9769,260
twentieth,20th,0.9923,259
tpke,turnpike,0.9823,226
plto,plot,0.7248,218
4nd,4th,0.8743,183
2th,2nd,0.7569,181
srteet,street,1.0,172
steret,street,1.0,168
3st,3rd,0.7679,168
2st,2nd,0.7892,166
2rd,2nd,0.85,160
4rd,4th,0.8924,158
4st,4th,0.8654,156
1nd,1st,0.8027,147
strete,street,1.0,145
5st,5th,0.8741,143
drve,drive,0.9929,141
3nd,3rd,0.8467,137
5rd,5th,0.8321,137
lae,lane,0.7143,133
5nd,5th,0.8702,131
dirve,drive,0.9923,130
6rd,6th,0.938,129
6nd,6th,0.873,126
driev,drive,1.0,125
8rd,8th,0.992,125
andersen,chandler,0.9106,123
7rd,7th,0.9322,118
7nd,7th,0.9231,117
1rd,1st,0.8103,116
floro,floor,0.9739,115
drvie,drive,1.0,114
8nd,8th,0.875,112
6st,6th,0.8818,110
flta,flat,1.0,107
drie,drive,1.0,106
7st,7th,0.9528,106
8st,8th,0.8654,104
aenue,avenue,1.0,104
aevnue,avenue,0.99,100
laen,lane,0.9899,99
avnue,avenue,0.9898,98
aveneu,avenue,0.9691,97
10rd,10th,1.0,95
avneue,avenue,1.0,94
16nd,16th,1.0,93
aveue,avenue,0.9783,92
aveune,avenue,0.989,91
9rd,9th,0.9556,90
17rd,17th,1.0,89
folor,floor,1.0,88
charlote,charlotte,0.9886,88
16rd,16th,1.0,87
avene,avenue,1.0,87
lnae,lane,1.0,87
16st,16th,0.9885,87
17st,17th,0.9651,86
10nd,10th,1.0,86
lne,lane,0.9398,83
19nd,19th,1.0,83
hoston,houston,1.0,82
18nd,18th,1.0,82
17nd,17th,1.0,82
12st,12th,0.9383,81
10st,10th,0.962,79
11rd,11th,0.9481,77
12rd,12th,0.9868,76
24rd,24th,1.0,75
abiote,fort,1.0,74
9st,9th,0.9189,74
houton,houston,0.9865,74
9nd,9th,0.9178,73
19rd,19th,1.0,72
12nd,12th,0.9444,72
msea,mesa,0.9722,72
pakr,park,0.8286,70
24nd,24th,1.0,69
14st,14th,1.0,69
19st,19th,1.0,69
14nd,14th,1.0,67
hosuton,houston,1.0,65
ngaar,nagar,0.8906,64
huose,house,0.9531,64
18st,18th,0.9844,64
18rd,18th,1.0,64
23nd,23rd,1.0,64
bufalo,buffalo,0.5873,63
29rd,29th,1.0,63
31rd,31st,1.0,63
24st,24th,0.9841,63
chiago,chicago,0.9683,63
15nd,15th,1.0,63
25st,25th,1.0,63
sohp,shop,1.0,62
levittown,hempstead,0.9677,62
25rd,25th,1.0,62
28nd,28th,1.0,61
27rd,27th,1.0,61
22rd,22nd,1.0,60
hll,hill,0.7458,59
mahopac,carmel,0.8276,58
ahwatukee,phoenix,1.0,58
chciago,chicago,1.0,57
lkae,lake,0.7895,57
mattapan,boston,0.9825,57
13st,13th,0.9286,56
cicago,chicago,1.0,56
msa,mesa,0.9464,56
26rd,26th,1.0,55
sop,shop,0.9636,55
32rd,32nd,0.9818,55
15rd,15th,1.0,55
21nd,21st,1.0,55
hoouston,houston,0.9818,55
36st,36th,1.0,54
phoeix,phoenix,1.0,54
hlil,hill,0.963,54
29st,29th,1.0,54
26nd,26th,1.0,53
broklyn,brooklyn,0.9434,53
21th,21st,0.9434,53
33nd,33rd,1.0,53
21rd,21st,1.0,53
32th,32nd,0.9615,52
adk,atlanta,1.0,52
ronkonkoma,islip,0.5192,52
15st,15th,0.9808,52
35rd,35th,1.0,52
26st,26th,1.0,51
messa,mesa,0.9412,51
charltte,charlotte,1.0,51
35nd,35th,1.0,51
22st,22nd,1.0,51
houson,houston,1.0,51
saem,salem,0.78,50
22th,22nd,0.98,50
33th,33rd,1.0,50
37st,37th,1.0,50
houstton,houston,0.94,50
44rd,44th,1.0,50
43th,43rd,0.9,50
housotn,houston,1.0,50
23st,23rd,1.0,49
houstn,houston,0.9796,49
32st,32nd,1.0,49
28st,28th,1.0,49
washngton,washington,0.9796,49
kolkota,bengal,0.7917,48
30rd,30th,1.0,48
31th,31st,0.9792,48
panaji,maharashtra,0.7292,48
34st,34th,1.0,48
huse,house,0.9167,48
34rd,34th,1.0,47
14rd,14th,1.0,47
25nd,25th,1.0,47
prussia,upper,1.0,47
washigton,washington,0.9783,46
gren,green,0.7826,46
laek,lake,0.8913,46
27nd,27th,1.0,46
001st,1st,0.9778,45
35st,35th,1.0,45
38st,38th,1.0,45
36nd,36th,1.0,45
corut,court,1.0,45
30nd,30th,1.0,44
syosset,oyster,0.8182,44
37nd,37th,1.0,44
tcson,tucson,0.7273,44
13nd,13th,1.0,44
autin,austin,0.9773,44
saelm,salem,0.7674,43
cout,court,0.9767,43
41th,41st,1.0,43
sacramnto,sacramento,1.0,43
lke,lake,0.6977,43
20st,20th,1.0,43
28rd,28th,1.0,43
30st,30th,1.0,43
charlottte,charlotte,1.0,42
40nd,40th,1.0,42
washintgon,washington,1.0,42
raliegh,raleigh,0.9048,42
huoston,houston,1.0,41
chralotte,charlotte,1.0,41
seatle,seattle,0.8049,41
valey,valley,0.8537,41
48st,48th,1.0,41
housston,houston,1.0,41
soldotna,peninsula,1.0,40
tusa,tulsa,0.95,40
cuort,court,1.0,40
fals,falls,0.75,40
colubus,columbus,1.0,40
coumbia,columbia,1.0,40
ruther,county,0.95,40
eldersburg,sykesville,0.975,40
42st,42nd,1.0,40
48nd,48th,1.0,40
39st,39th,1.0,40
chalrotte,charlotte,0.975,40
dyton,dayton,0.525,40
phoeniix,phoenix,1.0,39
rokc,rock,1.0,39
bufaflo,buffalo,0.6154,39
houstoon,houston,1.0,39
44nd,44th,1.0,39
36rd,36th,1.0,39
raligh,raleigh,0.9231,39
31nd,31st,1.0,39
prtland,portland,0.7179,39
27st,27th,1.0,39
wshington,washington,1.0,38
loisville,louisville,0.8158,38
43nd,43rd,1.0,38
phooenix,phoenix,1.0,38
41nd,41st,1.0,38
houtson,houston,1.0,38
50nd,50th,1.0,38
harleysville,township,1.0,38
29nd,29th,1.0,38
45st,45th,1.0,38
washingon,washington,0.9737,38
unti,unit,1.0,38
offiec,office,1.0,37
rom,room,1.0,37
33st,33rd,1.0,37
55st,55th,1.0,37
63th,63rd,0.9459,37
34nd,34th,1.0,37
louisvlle,louisville,0.8919,37
chittaurgarh,rajasthan,0.9459,37
cyppress,cypress,0.8919,37
alls,falls,0.8056,36
tlusa,tulsa,1.0,36
40st,40th,1.0,36
52st,52nd,1.0,36
columus,columbus,1.0,36
38rd,38th,1.0,36
mehlville,louis,1.0,36
mineapolis,mn,0.6111,36
41rd,41st,1.0,35
chhicago,chicago,1.0,35
75nd,75th,1.0,35
centereach,brookhaven,1.0,35
nashvile,nashville,1.0,35
rivr,river,0.9429,35
affton,louis,0.9429,35
raleihg,raleigh,1.0,35
38nd,38th,1.0,35
charllotte,charlotte,1.0,35
ralegh,raleigh,1.0,35
53nd,53rd,1.0,35
louiville,louisville,0.8857,35
lousville,louisville,1.0,35
copiague,babylon,0.9706,34
phoennix,phoenix,1.0,34
54nd,54th,1.0,34
clevland,cleveland,0.6471,34
39rd,39th,1.0,34
phoenxi,phoenix,1.0,34
80st,80th,1.0,34
washingtn,washington,0.9412,34
autsin,austin,1.0,34
72th,72nd,1.0,34
tlsa,tulsa,1.0,34
002nd,2nd,0.9118,34
knoxvile,knoxville,0.9091,33
hauppauge,islip,0.5758,33
chcago,chicago,1.0,33
68st,68th,0.9394,33
44st,44th,1.0,33
crek,creek,0.9091,33
46rd,46th,1.0,33
88rd,88th,1.0,33
coimbotore,nadu,0.8182,33
spirng,spring,0.7576,33
chaarlotte,charlotte,0.9394,33
colubmus,columbus,1.0,33
prings,springs,0.7273,33
ausin,austin,1.0,33
rocchester,rochester,0.6364,33
clveeland,cleveland,1.0,33
charoltte,charlotte,1.0,32
slaem,salem,0.8438,32
charrlotte,charlotte,1.0,32
48rd,48th,1.0,32
003rd,3rd,1.0,32
rcad,road,1.0,32
rohester,rochester,0.5312,32
40rd,40th,1.0,32
ftt,fort,0.6875,32
chrlotte,charlotte,0.9062,32
56nd,56th,1.0,32
ogen,ogden,0.8125,32
cityy,city,0.6875,32
bufffalo,buffalo,0.7188,32
56rd,56th,1.0,32
coulmbia,columbia,1.0,32
washignton,washington,1.0,31
chicao,chicago,1.0,31
scramento,sacramento,1.0,31
pint,point,0.8387,31
indianaoplis,indianapolis,1.0,31
42th,42nd,1.0,31
sringfield,springfield,0.9677,31
43st,43rd,1.0,31
portlnd,portland,0.7419,31
cihcago,chicago,1.0,31
58st,58th,1.0,31
20nd,20th,0.9677,31
coutr,court,1.0,31
53st,53rd,1.0,31
42rd,42nd,1.0,31
alany,albany,0.7419,31
tucsno,tucson,0.9333,30
richond,richmond,0.8333,30
saalem,salem,0.9333,30
wahington,washington,0.9333,30
47st,47th,1.0,30
hugli,bengal,0.8667,30
sacraento,sacramento,1.0,30
68nd,68th,1.0,30
coulmbus,columbus,1.0,30
irvig,irving,0.9,30
chicaog,chicago,1.0,30
55rd,55th,1.0,30
brookyln,brooklyn,1.0,30
offie,office,0.9667,30
50rd,50th,1.0,30
louisvile,louisville,0.9333,30
carlotte,charlotte,1.0,30
portlannd,portland,0.6552,29
rchmond,richmond,0.6552,29
romd,road,1.0,29
20rd,20th,1.0,29
37rd,37th,1.0,29
uint,unit,1.0,29
63st,63rd,1.0,29
greenboro,greensboro,0.9655,29
82rd,82nd,1.0,29
tucsoon,tucson,0.931,29
50st,50th,1.0,29
naashville,nashville,1.0,29
ceveland,cleveland,0.8276,29
wichhita,wichita,0.9655,29
raaleigh,raleigh,0.9655,29
columbbus,columbus,0.9655,29
76st,76th,1.0,29
memphs,memphis,0.8276,29
62th,62nd,0.9655,29
49rd,49th,1.0,29
tcuson,tucson,1.0,29
chiicago,chicago,1.0,29
49nd,49th,1.0,29
51nd,51st,1.0,29
salm,salem,0.6429,28
portladn,portland,1.0,28
falsl,falls,0.7143,28
portand,portland,0.8929,28
wihcita,wichita,0.9643,28
baech,beach,0.9286,28
chiccago,chicago,1.0,28
quncy,quincy,1.0,28
columubs,columbus,0.9643,28
47nd,47th,1.0,28
bodda,uttar,0.6429,28
collumbus,columbus,0.9643,28
fallls,falls,0.7857,28
45rd,45th,1.0,28
64rd,64th,1.0,28
seattlle,seattle,0.7857,28
chicaggo,chicago,0.9286,28
daytton,dayton,0.8148,27
chadnler,chandler,0.6667,27
nashvlile,nashville,0.963,27
indianapoils,indianapolis,1.0,27
chiacgo,chicago,0.963,27
charltote,charlotte,1.0,27
poeria,peoria,0.9259,27
72st,72nd,1.0,27
65st,65th,1.0,27
rord,road,0.963,27
rigde,ridge,0.9259,27
neew,new,0.6667,27
columbs,columbus,1.0,27
durhm,durham,0.963,27
chicaago,chicago,1.0,27
71nd,71st,1.0,27
52rd,52nd,1.0,27
aurrora,aurora,1.0,27
75rd,75th,1.0,27
53th,53rd,1.0,27
nashhville,nashville,0.9259,27
houstno,houston,1.0,27
cityc,city,0.8889,27
manorville,brookhaven,0.8846,26
46st,46th,1.0,26
bufflao,buffalo,0.6154,26
nashviille,nashville,1.0,26
washinton,washington,0.8077,26
laake,lake,0.7692,26
columbuus,columbus,0.8462,26
54st,54th,1.0,26
hicory,hickory,0.8077,26
knoxvillle,knoxville,1.0,26
tooledo,toledo,1.0,26
rofd,road,1.0,26
mnneapolis,minneapolis,0.5769,26
leanedr,leander,1.0,26
91rd,91st,1.0,26
rgad,road,1.0,26
slem,salem,0.8462,26
wsahington,washington,0.7692,26
rove,grove,0.9615,26
sring,spring,1.0,26
houuston,houston,1.0,26
cinciinnati,cincinnati,1.0,26
abluquerque,albuquerque,1.0,26
greensobro,greensboro,1.0,26
cedr,cedar,0.9231,26
64st,64th,1.0,26
61rd,61st,1.0,26
64nd,64th,1.0,26
poenix,phoenix,1.0,26
nokesville,county,0.9615,26
richmonnd,richmond,0.6923,26
worht,worth,1.0,26
sping,spring,0.7308,26
79st,79th,1.0,26
broooklyn,brooklyn,0.9231,26
ofifce,office,1.0,26
buffaalo,buffalo,0.6923,26
60st,60th,1.0,25
scaramento,sacramento,1.0,25
knoxivlle,knoxville,0.92,25
bosotn,boston,0.96,25
albnay,albany,1.0,25
59rd,59th,1.0,25
kcity,city,0.56,25
bvd,boulevard,0.92,25
wahsington,washington,0.84,25
knoxille,knoxville,1.0,25
62st,62nd,1.0,25
raleiggh,raleigh,0.96,25
47rd,47th,1.0,25
clumbus,columbus,1.0,25
uko,uttar,0.6,25
83nd,83rd,1.0,25
82th,82nd,1.0,25
flls,falls,0.92,25
spingfield,springfield,1.0,25
54rd,54th,1.0,25
sprigfield,springfield,1.0,25
52th,52nd,1.0,25
phoenx,phoenix,1.0,25
lubock,lubbock,1.0,25
buckye,buckeye,0.92,25
colmbus,columbus,0.96,25
clevelannd,cleveland,0.76,25
45nd,45th,1.0,25
cicinnati,cincinnati,1.0,24
tucon,tucson,0.9583,24
107nd,107th,1.0,24
92th,92nd,1.0,24
66rd,66th,1.0,24
indiaanapolis,indianapolis,1.0,24
cerek,creek,1.0,24
porttland,portland,0.7083,24
sprnigfield,springfield,1.0,24
nroth,north,0.75,24
85st,85th,1.0,24
wasshington,washington,0.9583,24
49st,49th,1.0,24
67rd,67th,1.0,24
81th,81st,1.0,24
ausitn,austin,1.0,24
mepmhis,memphis,0.9583,24
indiaapolis,indianapolis,0.9583,24
neww,new,0.7917,24
nashvlle,nashville,1.0,24
prot,plot,0.5417,24
hailton,hamilton,1.0,24
rier,river,0.9583,24
broolyn,brooklyn,1.0,24
79rd,79th,1.0,24
memhpis,memphis,1.0,24
67nd,67th,1.0,24
dayyton,dayton,0.7917,24
wroth,worth,1.0,24
riichmond,richmond,0.9167,24
rtad,road,1.0,24
110st,110th,1.0,24
eats,east,0.8261,23
montgomeyr,montgomery,1.0,23
brrooklyn,brooklyn,1.0,23
richomnd,richmond,0.6522,23
84st,84th,1.0,23
rlad,road,1.0,23
portlad,portland,0.7826,23
scottsdae,scottsdale,0.913,23
hntsville,huntsville,0.8261,23
sandston,henrico,1.0,23
74st,74th,1.0,23
omha,omaha,0.8261,23
cininnati,cincinnati,1.0,23
klye,kyle,1.0,23
roock,rock,1.0,23
louisvlile,louisville,0.8261,23
groe,grove,0.6087,23
groev,grove,1.0,23
flals,falls,1.0,23
louisviille,louisville,0.9565,23
lop,loop,1.0,23
porland,portland,0.8261,23
tledo,toledo,1.0,23
litle,little,0.8696,23
tacma,tacoma,0.913,23
bockton,brockton,1.0,23
robd,road,1.0,23
slingerlands,bethlehem,0.6522,23
57rd,57th,1.0,23
brokolyn,brooklyn,0.913,23
rmad,road,1.0,23
cleveand,cleveland,0.6957,23
portlland,portland,0.8261,23
63nd,63rd,1.0,23
toano,city,1.0,23
cincinnti,cincinnati,1.0,23
albayn,albany,0.8261,23
portlnad,portland,0.8696,23
ayne,wayne,0.7826,23
roid,road,1.0,23
eugee,eugene,1.0,23
louissville,louisville,0.5909,22
87nd,87th,1.0,22
bostton,boston,0.9545,22
phoeenix,phoenix,1.0,22
virgini,city,1.0,22
rck,rock,0.9091,22
faalls,falls,0.7727,22
138nd,138th,1.0,22
farggo,fargo,0.9545,22
worh,worth,1.0,22
chicgo,chicago,1.0,22
66nd,66th,1.0,22
39nd,39th,1.0,22
rotd,road,1.0,22
bufflo,buffalo,0.5455,22
rohcester,ny,0.5455,22
61nd,61st,1.0,22
forset,forest,0.8636,22
111nd,111th,1.0,22
springfiedl,springfield,0.8636,22
brookyn,brooklyn,1.0,22
holtsville,brookhaven,0.8182,22
oaha,omaha,0.9091,22
frest,forest,0.7273,22
austn,austin,1.0,22
saettle,seattle,0.7273,22
vlley,valley,0.9091,22
lnn,lynn,0.9091,22
roed,road,1.0,22
tullsa,tulsa,1.0,22
46nd,46th,1.0,22
51th,51st,1.0,22
sprng,spring,0.9545,22
lenader,leander,1.0,22
washingtno,washington,1.0,22
vlaley,valley,0.9524,21
71th,71st,1.0,21
tucsn,tucson,0.9524,21
washingotn,washington,0.9048,21
80nd,80th,1.0,21
waukkegan,waukegan,1.0,21
85nd,85th,1.0,21
rohd,road,1.0,21
rsad,road,0.9048,21
arlinton,arlington,1.0,21
beend,bend,0.9048,21
55nd,55th,1.0,21
duham,durham,0.9524,21
omaaha,omaha,0.9048,21
carrmichael,carmichael,1.0,21
78st,78th,1.0,21
76nd,76th,1.0,21
95st,95th,1.0,21
louisvilel,louisville,0.7619,21
94st,94th,1.0,21
sacrameno,sacramento,1.0,21
sacramneto,sacramento,1.0,21
131th,131st,1.0,21
austni,austin,1.0,21
toeldo,toledo,0.9524,21
67st,67th,1.0,21
goodeyar,goodyear,0.9524,21
143st,143rd,1.0,21
austiin,austin,1.0,21
58rd,58th,1.0,21
78nd,78th,1.0,21
allon,ofallon,0.8571,21
buffallo,buffalo,0.5238,21
clevelnd,cleveland,0.5714,21
tulssa,tulsa,1.0,21
valleey,valley,0.9048,21
syracsue,syracuse,0.7143,21
daytno,dayton,0.6667,21
washingtton,washington,1.0,21
morgatnon,morganton,1.0,20
akon,akron,1.0,20
83th,83rd,1.0,20
pao,of,0.85,20
syrcuse,syracuse,0.9,20
wilmingon,wilmington,1.0,20
broolkyn,brooklyn,1.0,20
cordoa,cordova,0.7,20
minneaplis,minneapolis,0.7,20
millls,mills,0.95,20
foort,fort,0.9,20
saiint,saint,0.85,20
faetteville,fayetteville,0.95,20
rdad,road,1.0,20
isalnd,island,0.95,20
73st,73rd,1.0,20
paot,plot,0.9,20
seattl,seattle,0.85,20
90nd,90th,1.0,20
raleih,raleigh,1.0,20
74nd,74th,1.0,20
coolumbus,columbus,0.8,20
antich,nashville,0.75,20
102st,102nd,1.0,20
103st,103rd,1.0,20
montgmery,montgomery,1.0,20
tuccson,tucson,0.85,20
bldv,boulevard,1.0,20
rideg,ridge,1.0,20
saramento,sacramento,1.0,20
84nd,84th,1.0,20
69st,69th,1.0,20
lafayete,lafayette,0.9,20
plymout,plymouth,1.0,20
arlngton,arlington,1.0,20
minnneapolis,mn,0.65,20
dayon,dayton,0.75,20
richmmond,richmond,0.65,20
82st,82nd,1.0,20
pllt,plot,0.65,20
sanit,saint,0.5,20
aurangabd,maharashtra,0.85,20
81rd,81st,1.0,20
dalls,dallas,0.65,20
004th,4th,0.9474,19
surprsie,surprise,1.0,19
mckniney,mckinney,1.0,19
108rd,108th,1.0,19
fayeteville,fayetteville,1.0,19
roankoe,roanoke,1.0,19
plymoth,plymouth,1.0,19
tuscon,tucson,1.0,19
sprinng,spring,0.8947,19
saccramento,sacramento,1.0,19
rnad,road,1.0,19
seatttle,seattle,0.9474,19
chalotte,charlotte,1.0,19
bffalo,amherst,0.5789,19
nashvillecity,nashville,1.0,19
abany,albany,0.8421,19
scottsddale,scottsdale,0.9474,19
batlimore,baltimore,1.0,19
arington,arlington,1.0,19
wadr,ward,0.8947,19
foerst,forest,1.0,19
wets,west,0.7895,19
baltmiore,baltimore,0.8947,19
plae,place,1.0,19
roue,st,0.7368,19
gorve,grove,0.8947,19
rcihmond,richmond,0.5789,19
wasihngton,washington,0.7895,19
gurhaon,haryana,0.7895,19
mckinny,mckinney,1.0,19
lakke,lake,0.5789,19
rlaeigh,raleigh,1.0,19
76rd,76th,1.0,19
garnerville,haverstraw,1.0,19
sprngfield,springfield,0.8947,19
chandlre,chandler,1.0,19
rochesetr,greece,0.6842,19
boton,boston,1.0,19
plaec,place,1.0,19
rige,ridge,0.8947,19
sppring,spring,1.0,19
lincln,lincoln,0.8421,19
rrad,road,1.0,19
khadakwasala,maharashtra,0.6842,19
bbeach,beach,0.8421,19
mmphis,memphis,0.9474,19
conord,concord,1.0,19
alln,allen,1.0,19
orck,rock,0.9474,19
indianapoliis,indianapolis,1.0,19
wrth,worth,1.0,19
rdge,ridge,1.0,19
greeenville,greenville,0.9474,19
200st,200th,1.0,19
nomal,normal,1.0,19
louisivlle,louisville,0.7368,19
lousi,louis,0.8947,19
louiis,louis,1.0,19
grvoe,grove,1.0,19
slt,salt,0.8947,19
creke,creek,0.8947,19
cloumbus,columbus,0.6316,19
dalllas,tx,0.6316,19
rairie,prairie,1.0,19
htto,hutto,1.0,19
phoeinx,phoenix,0.9474,19
59st,59th,1.0,19
121rd,121st,1.0,19
friso,frisco,0.8947,19
aleander,alexander,0.7895,19
yakia,yakima,0.8947,19
56st,56th,1.0,19
woth,worth,1.0,19
sacrameento,sacramento,1.0,19
ruckersville,county,1.0,19
paos,paso,0.7368,19
conwya,conway,1.0,19
albuqurque,albuquerque,1.0,19
atlannta,atlanta,1.0,19
106nd,106th,1.0,19
louuis,louis,0.9474,19
colubia,columbia,0.9444,18
kolktaa,howrah,0.7778,18
rosd,road,0.8889,18
channdler,chandler,0.9444,18
teple,temple,0.9444,18
memphhis,memphis,1.0,18
mraion,marion,0.6667,18
wilmigton,wilmington,1.0,18
oamha,omaha,0.8333,18
newarrk,newark,1.0,18
132st,132nd,1.0,18
70st,70th,1.0,18
87rd,87th,1.0,18
kerhonkson,rochester,0.7778,18
cincinnaati,cincinnati,1.0,18
coolny,colony,1.0,18
wicchita,wichita,1.0,18
dyaton,dayton,0.6111,18
cncinnati,cincinnati,1.0,18
87st,87th,1.0,18
98nd,98th,1.0,18
cloony,colony,1.0,18
51rd,51st,1.0,18
waldof,waldorf,1.0,18
mariopa,maricopa,1.0,18
vallye,valley,0.8333,18
baltimroe,baltimore,1.0,18
116rd,116th,1.0,18
89st,89th,1.0,18
luois,louis,1.0,18
99rd,99th,1.0,18
franklni,franklin,0.9444,18
baltimoer,baltimore,0.6667,18
worcestr,worcester,1.0,18
knoville,knoxville,0.8333,18
phot,plot,0.7778,18
lousiville,louisville,0.5556,18
hcity,nashville,0.7222,18
fotr,fort,0.8333,18
charlottecity,charlotte,0.9444,18
60rd,60th,1.0,18
ashevile,asheville,1.0,18
103nd,103rd,1.0,18
springifeld,springfield,0.5556,18
88nd,88th,1.0,18
valely,valley,0.9444,18
rogd,road,1.0,18
attlanta,atlanta,1.0,18
botson,boston,1.0,18
mckiinney,mckinney,1.0,18
rhad,road,1.0,18
srings,springs,0.7778,18
celveland,cleveland,1.0,18
frankklin,franklin,0.8889,18
73th,73rd,0.9444,18
139rd,139th,1.0,18
dubln,dublin,0.9444,18
bronnx,bronx,1.0,18
srping,spring,1.0,18
brooklny,brooklyn,0.8889,18
chadler,chandler,0.8889,18
mattituck,southold,0.8333,18
grenfield,greenfield,1.0,18
baltimorre,baltimore,0.8889,18
66st,66th,1.0,18
indinapolis,indianapolis,1.0,18
baltiore,baltimore,0.9444,18
77st,77th,1.0,18
94rd,94th,1.0,18
wworth,worth,1.0,18
knsas,kansas,1.0,18
70rd,70th,1.0,17
columbbia,columbia,1.0,17
atanta,atlanta,1.0,17
buffao,buffalo,0.5294,17
110nd,110th,1.0,17
sallem,salem,0.7647,17
auburrn,auburn,1.0,17
grovve,grove,0.7059,17
rivre,river,1.0,17
sacrametno,sacramento,1.0,17
rochestre,rochester,0.5294,17
minnepaolis,minneapolis,0.7647,17
wortth,worth,1.0,17
100rd,100th,1.0,17
tacoam,tacoma,0.9412,17
tworth,worth,1.0,17
mmephis,memphis,0.9412,17
170rd,170th,1.0,17
austtin,austin,1.0,17
tacooma,tacoma,0.9412,17
128st,128th,1.0,17
57st,57th,1.0,17
cincinati,cincinnati,1.0,17
nasshville,nashville,0.9412,17
booklyn,brooklyn,1.0,17
ouis,louis,0.9412,17
ommaha,omaha,0.8235,17
plbt,plot,0.8235,17
housto,houston,1.0,17
baghdelhi,north,0.6471,17
springield,springfield,0.8235,17
61th,61st,1.0,17
faytteville,fayetteville,1.0,17
albay,albany,0.9412,17
mckiney,mckinney,1.0,17
aubburn,auburn,1.0,17
poria,peoria,0.9412,17
59nd,59th,1.0,17
louisvillle,louisville,0.9412,17
wotrh,worth,1.0,17
portalnd,portland,0.6471,17
99st,99th,1.0,17
rihcmond,richmond,0.5294,17
ralegih,raleigh,0.9412,17
sattle,seattle,0.6471,17
96rd,96th,1.0,17
meas,mesa,1.0,17
130nd,130th,1.0,17
baltimoe,baltimore,0.8824,17
csta,costa,1.0,17
rold,road,1.0,17
statesvile,statesville,0.9412,17
150rd,150th,1.0,17
chharlotte,charlotte,1.0,17
clevelad,cleveland,0.7647,17
springfieeld,springfield,0.8824,17
sland,island,0.9412,17
mobie,mobile,1.0,17
medfoord,medford,0.9412,17
aubun,auburn,0.9412,17
77rd,77th,1.0,17
96st,96th,1.0,17
rocd,road,1.0,17
yma,yuma,1.0,17
155nd,155th,1.0,17
springfild,springfield,0.9412,17
rund,round,0.9412,17
wlmington,wilmington,1.0,17
broxn,bronx,1.0,17
kaaty,katy,1.0,17
farmngton,farmington,0.9412,17
geen,green,0.8235,17
licoln,lincoln,0.9412,17
hihg,high,1.0,17
vihra,vihar,0.9412,17
indiaanpolis,indianapolis,1.0,17
eylria,elyria,1.0,17
pdot,plot,0.6875,16
grve,grove,1.0,16
granbuury,acton,0.625,16
reding,redding,1.0,16
ptot,plot,0.75,16
58nd,58th,1.0,16
173st,173rd,1.0,16
brownsivlle,brownsville,1.0,16
200rd,200th,1.0,16
bucckeye,buckeye,1.0,16
150nd,150th,1.0,16
temep,tempe,1.0,16
79nd,79th,1.0,16
100st,100th,1.0,16
117rd,117th,1.0,16
mmubai,mumbai,0.9375,16
hickroy,hickory,0.9375,16
falln,ofallon,0.8125,16
135nd,135th,1.0,16
sprnig,spring,1.0,16
pris,paris,1.0,16
setauket,brookhaven,0.75,16
bloomingtn,bloomington,1.0,16
rihmond,richmond,0.8125,16
daytoon,dayton,0.75,16
arlingon,arlington,1.0,16
aflls,falls,0.9375,16
lancster,lancaster,1.0,16
gerensboro,greensboro,1.0,16
nashvillle,nashville,1.0,16
sprign,spring,0.9375,16
wilmingtn,wilmington,1.0,16
75st,75th,1.0,16
frrankfort,frankfort,1.0,16
minneapolsi,minneapolis,0.5625,16
sady,sandy,0.6875,16
beavertn,beaverton,0.75,16
winhester,winchester,1.0,16
ithca,ny,0.6875,16
yrok,york,0.875,16
clevelnad,cleveland,0.6875,16
bned,bend,0.875,16
107rd,107th,1.0,16
arlingtoon,arlington,0.9375,16
101nd,101st,1.0,16
brronx,bronx,1.0,16
potland,portland,0.75,16
owrth,worth,1.0,16
staffod,stafford,0.9375,16
65nd,65th,1.0,16
daayton,oh,0.6875,16
luisville,louisville,0.625,16
aurorra,aurora,1.0,16
78rd,78th,1.0,16
wenaatchee,wenatchee,0.8125,16
ouge,rouge,0.9375,16
73nd,73rd,1.0,16
saacramento,sacramento,1.0,16
ashurn,loudoun,1.0,16
106rd,106th,1.0,16
mntgomery,montgomery,1.0,16
ktay,katy,1.0,16
manasssas,prince,0.9375,16
cneter,center,0.9375,16
mansffield,mansfield,1.0,16
sarcamento,sacramento,1.0,16
bvld,boulevard,1.0,16
130st,130th,1.0,16
hrh,bhubaneswar,0.75,16
plcae,place,0.875,16
114rd,114th,1.0,16
akrn,akron,1.0,16
106st,106th,1.0,16
stremt,street,1.0,16
cicrle,circle,0.9375,16
kansaas,kansas,0.625,16
mlil,mill,1.0,16
loiusville,ky,0.6875,16
heiights,heights,0.875,16
69rd,69th,1.0,16
highawy,highway,1.0,16
aubrun,auburn,0.875,16
rver,river,1.0,16
madisson,of,0.6875,16
bdford,bedford,1.0,16
colnoy,colony,1.0,16
62rd,62nd,1.0,16
beaverrton,beaverton,1.0,16
tryo,troy,0.75,16
lanhham,lanham,0.9375,16
gautambudhhnagar,noida,0.8125,16
atlnata,atlanta,1.0,16
kanss,kansas,0.7333,15
loouisville,louisville,0.9333,15
minneappolis,minneapolis,0.7333,15
sunn,sun,0.8667,15
moorrisville,morrisville,0.9333,15
135st,135th,1.0,15
colummbus,columbus,0.9333,15
ordan,jordan,0.8,15
ogdn,ogden,0.8,15
rcok,rock,1.0,15
elpaso,paso,1.0,15
portlaand,portland,0.9333,15
blatimore,baltimore,0.9333,15
memphsi,memphis,1.0,15
phhoenix,phoenix,1.0,15
willmington,wilmington,1.0,15
131nd,131st,1.0,15
beerlin,berlin,0.8667,15
oreland,township,1.0,15
97rd,97th,1.0,15
farmingville,brookhaven,0.9333,15
trroy,ny,0.7333,15
lubbokc,lubbock,1.0,15
dver,dover,1.0,15
mufreesboro,murfreesboro,1.0,15
91th,91st,1.0,15
glenddale,glendale,0.7333,15
60nd,60th,1.0,15
staffford,stafford,1.0,15
rbad,road,1.0,15
omaa,omaha,0.8667,15
fyetteville,fayetteville,1.0,15
indianaplois,indianapolis,0.8667,15
83st,83rd,1.0,15
nasville,nashville,1.0,15
faallon,ofallon,0.8,15
eaglle,eagle,1.0,15
jeferson,jefferson,0.8667,15
chiicopee,chicopee,0.9333,15
93th,93rd,1.0,15
120rd,120th,1.0,15
hamitlon,hamilton,0.8,15
porrtland,portland,0.6,15
81nd,81st,1.0,15
chnadler,chandler,1.0,15
heathsville,county,1.0,15
catnon,canton,1.0,15
astabula,ashtabula,0.9333,15
glendle,glendale,0.9333,15
buuffalo,buffalo,0.6667,15
plht,plot,0.8,15
145st,145th,1.0,15
indepenednce,independence,0.9333,15
nwport,newport,0.9333,15
burnsivlle,burnsville,1.0,15
scottsadle,scottsdale,0.9333,15
buffaol,avenue,0.6,15
suagr,sugar,1.0,15
noblesvile,noblesville,0.8,15
indianaapolis,indianapolis,1.0,15
gastoia,gastonia,1.0,15
tler,tyler,1.0,15
80rd,80th,1.0,15
plct,plot,0.6667,15
elgni,elgin,1.0,15
pflugreville,pflugerville,1.0,15
madisno,madison,0.7333,15
leominnster,leominster,1.0,15
laurle,laurel,0.8667,15
lowelll,lowell,1.0,15
neeenah,of,1.0,15
nashvilel,nashville,1.0,15
kasnas,kansas,1.0,15
georrgetown,georgetown,1.0,15
nori,madhya,0.8,15
stroet,street,1.0,15
census,valdez,0.7333,15
chicgao,chicago,1.0,15
eggertsville,amherst,1.0,15
newak,newark,0.8667,15
74rd,74th,1.0,15
gilbeert,gilbert,1.0,15
medfrd,medford,0.8667,15
lowel,lowell,1.0,15
90rd,90th,1.0,15
175nd,175th,1.0,15
killleen,killeen,1.0,15
omaah,ne,0.7333,15
wichia,wichita,0.9333,15
rustburg,campbell,1.0,15
125st,125th,1.0,15
godyear,goodyear,1.0,15
95rd,95th,0.9333,15
inidanapolis,indianapolis,1.0,15
seeattle,seattle,0.9333,15
fishersville,augusta,1.0,15
woorth,worth,1.0,15
109rd,109th,1.0,15
danille,danville,0.9333,15
pohenix,phoenix,1.0,15
soutth,south,0.8667,15
indianapols,indianapolis,0.8667,15
141rd,141st,1.0,15
virginiabeach,beach,1.0,15
poot,plot,0.6,15
sprringfield,springfield,0.6667,15
rpids,rapids,1.0,15
spookane,spokane,1.0,15
sdreet,street,1.0,15
arliington,arlington,1.0,15
aubunr,auburn,0.8667,15
whte,white,1.0,15
burlingon,burlington,1.0,15
85rd,85th,1.0,15
121nd,121st,1.0,15
sint,saint,0.8,15
plft,plot,0.7143,14
ranho,rancho,0.9286,14
cleveeland,cleveland,0.6429,14
datyon,dayton,0.6429,14
72rd,72nd,1.0,14
napervile,naperville,1.0,14
raeligh,raleigh,1.0,14
pien,pine,0.9286,14
spirngs,springs,0.7143,14
notrh,north,0.9286,14
131rd,131st,1.0,14
vergne,lavergne,1.0,14
stten,staten,1.0,14
freerick,frederick,1.0,14
georetown,georgetown,1.0,14
sufolk,suffolk,1.0,14
ogdden,ogden,0.6429,14
chesterfeld,chesterfield,1.0,14
pcot,plot,0.7857,14
inianapolis,indianapolis,0.8571,14
tcaoma,wa,0.7143,14
wod,wood,1.0,14
sugr,sugar,1.0,14
indianpolis,indianapolis,1.0,14
frankiln,franklin,1.0,14
110rd,110th,1.0,14
tucosn,tucson,1.0,14
rleigh,raleigh,1.0,14
cleeland,cleveland,1.0,14
aleandria,fairfax,0.9286,14
irvng,irving,1.0,14
sprinfgield,springfield,0.8571,14
yakimatownship,yakima,1.0,14
toewr,tower,1.0,14
souht,south,0.7857,14
104nd,104th,1.0,14
durrham,durham,1.0,14
112rd,112th,1.0,14
drham,durham,1.0,14
oxord,oxford,0.8571,14
ynkers,yonkers,1.0,14
tacmoa,tacoma,1.0,14
ricmond,richmond,0.7143,14
mooresille,mooresville,1.0,14
hillsbro,hillsboro,1.0,14
godoyear,goodyear,0.9286,14
gurgaonmg,haryana,0.8571,14
nshville,nashville,0.9286,14
bostn,boston,1.0,14
taril,trail,1.0,14
clintoon,clinton,1.0,14
conning,groton,1.0,14
86rd,86th,1.0,14
strcet,street,1.0,14
soreet,street,1.0,14
sacramenot,sacramento,0.7143,14
souh,south,0.7857,14
sprins,springs,0.9286,14
annpolis,annapolis,1.0,14
lakevlle,lakeville,0.9286,14
ceek,creek,1.0,14
jacksonille,jacksonville,1.0,14
114st,114th,1.0,14
rvier,river,0.8571,14
cyprses,cypress,0.9286,14
stmeet,street,0.9286,14
144rd,144th,1.0,14
montomery,montgomery,1.0,14
clveland,cleveland,1.0,14
greensboo,greensboro,1.0,14
ehights,heights,0.7857,14
humbel,humble,1.0,14
aubrn,auburn,0.9286,14
missorui,missouri,1.0,14
irvign,irving,0.9286,14
144st,144th,1.0,14
fredeick,frederick,1.0,14
cabridge,cambridge,1.0,14
burnssville,burnsville,0.9286,14
159nd,159th,1.0,14
hornll,hornell,0.7143,14
montgomey,montgomery,1.0,14
aburn,auburn,0.8571,14
ablany,albany,0.7857,14
94nd,94th,1.0,14
89rd,89th,1.0,14
130rd,130th,1.0,14
165nd,165th,1.0,14
spprings,springs,0.9286,14
cambriddge,cambridge,1.0,14
decaur,decatur,1.0,14
frgo,fargo,1.0,14
amraillo,amarillo,0.8571,14
kansass,kansas,0.8571,14
rdding,redding,0.9286,14
clevelaand,cleveland,0.7143,14
poortland,portland,0.7143,14
marstons,barnstable,1.0,14
eedn,eden,0.7857,14
hheights,heights,1.0,14
90st,90th,1.0,14
57nd,57th,1.0,14
aems,ames,1.0,14
116nd,116th,1.0,14
rodd,road,1.0,14
vitsa,vista,0.9286,14
wilmintgon,wilmington,1.0,14
143nd,143rd,1.0,14
tirunelvali,tamil,0.5714,14
moobile,mobile,0.7857,14
minnaepolis,mn,0.5714,14
auustin,austin,1.0,14
chanlder,chandler,1.0,14
washingtoncity,washington,1.0,14
rfad,road,0.9286,14
lehhi,lehi,1.0,14
stae,state,0.7143,14
driae,drive,1.0,14
tuson,tucson,0.8571,14
birmngham,birmingham,0.7143,14
teme,tempe,1.0,14
clevleand,cleveland,0.7857,14
bltimore,baltimore,1.0,14
98st,98th,1.0,14
taccoma,tacoma,0.9286,14
smryna,smyrna,0.9286,14
norwak,norwalk,1.0,13
llouis,louis,1.0,13
stleet,street,1.0,13
junciton,junction,0.6923,13
jacksn,jackson,1.0,13
albuquerquee,albuquerque,1.0,13
syracue,syracuse,0.8462,13
spokanne,spokane,1.0,13
springffield,springfield,1.0,13
140rd,140th,1.0,13
lurel,laurel,0.8462,13
86st,86th,1.0,13
ourtown,alexander,1.0,13
162st,162nd,1.0,13
westfieeld,westfield,1.0,13
tuulsa,tulsa,1.0,13
houa,houma,1.0,13
cinncinnati,cincinnati,1.0,13
oklahom,moore,1.0,13
168rd,168th,1.0,13
69nd,69th,1.0,13
nahsville,nashville,1.0,13
moountain,mountain,0.9231,13
wheeeling,wheeling,1.0,13
strdet,street,1.0,13
vlla,villa,1.0,13
115nd,115th,1.0,13
105rd,105th,1.0,13
indianaolis,indianapolis,1.0,13
91nd,91st,1.0,13
memhis,memphis,1.0,13
109st,109th,1.0,13
125rd,125th,1.0,13
avenae,avenue,1.0,13
allbany,albany,0.9231,13
166nd,166th,1.0,13
olymmpia,fl,0.6923,13
lebaanon,lebanon,1.0,13
hunterrsville,huntersville,0.9231,13
litte,little,1.0,13
138rd,138th,1.0,13
kanssas,kansas,1.0,13
brookllyn,brooklyn,1.0,13
cdear,cedar,0.9231,13
gooodyear,goodyear,0.8462,13
mboile,mobile,1.0,13
65rd,65th,1.0,13
southh,south,0.7692,13
wods,woods,1.0,13
wicita,wichita,1.0,13
kannnapolis,kannapolis,1.0,13
akorn,akron,0.9231,13
minneaolis,fridley,0.5385,13
210st,210th,1.0,13
97st,97th,1.0,13
lewistn,lewiston,1.0,13
spkoane,spokane,1.0,13
lanexa,county,1.0,13
baltimoore,baltimore,1.0,13
scottsdalle,scottsdale,0.8462,13
litleton,columbine,0.6154,13
indianapolsi,indianapolis,1.0,13
gardne,garden,0.9231,13
antioc,nashville,1.0,13
cottnowood,cottonwood,1.0,13
glnedale,glendale,0.8462,13
149rd,149th,1.0,13
ausstin,austin,1.0,13
beaach,beach,0.9231,13
plnt,plot,0.5385,13
bfufalo,amherst,0.6923,13
monrroe,monroe,1.0,13
kingtson,kingston,1.0,13
pltt,plot,0.7692,13
memmphis,memphis,1.0,13
oask,oaks,1.0,13
kennt,kent,0.8462,13
92rd,92nd,1.0,13
cheyene,unit,0.7692,13
holow,hollow,1.0,13
albuqueruqe,albuquerque,1.0,13
133st,133rd,1.0,13
mumbaisuburban,maharashtra,0.8462,13
112st,112th,1.0,13
pnie,pine,1.0,13
garo,maharashtra,1.0,13
hamptn,hampton,0.9231,13
yumma,yuma,1.0,13
hilll,hill,1.0,13
bnton,benton,1.0,13
lebnaon,lebanon,1.0,13
geoorgetown,georgetown,1.0,13
aelxandria,alexandria,0.5385,13
190st,190th,1.0,13
motngomery,montgomery,1.0,13
105st,105th,1.0,13
waren,warren,0.9231,13
manssas,prince,1.0,13
veron,vernon,1.0,13
cahrlotte,charlotte,1.0,13
murfreesbboro,murfreesboro,1.0,13
roannoke,roanoke,0.9231,13
salme,salem,0.6154,13
sprinsg,springs,0.7692,13
strect,street,1.0,13
gaitherbsurg,gaithersburg,1.0,13
grene,green,0.6923,13
bozemaan,bozeman,1.0,13
knxville,knoxville,1.0,13
113nd,113th,1.0,13
lncaster,lancaster,1.0,13
washingtont,washington,1.0,13
madiosn,madison,0.5385,13
93st,93rd,1.0,13
sacrameto,sacramento,1.0,13
pmot,plot,0.6923,13
plit,plot,0.9231,13
chargrin,oh,0.7692,13
minneapois,avenue,0.5385,13
cincninati,cincinnati,1.0,13
saitn,saint,0.5385,13
amagansett,east,1.0,13
pnot,plot,0.7692,13
ellkhart,elkhart,1.0,13
albaany,albany,0.7692,13
hilllsboro,hillsboro,1.0,13
idianapolis,indianapolis,1.0,13
maidson,madison,0.9231,13
lleand,leland,0.9231,13
coloyn,colony,1.0,13
86nd,86th,1.0,13
119st,119th,1.0,13
suoth,south,0.9231,13
loius,louis,1.0,13
134nd,134th,1.0,13
glendae,glendale,0.9231,13
dubuue,dubuque,0.9231,13
frot,fort,0.8462,13
avente,avenue,1.0,13
hgih,high,1.0,13
evvansville,evansville,1.0,13
vazhaipandal,tamil,0.7692,13
cokoeville,cookeville,0.9231,13
asehville,asheville,0.8462,13
memphiis,memphis,1.0,13
wichiita,wichita,0.8462,13
springfielld,springfield,0.7692,13
indianapoolis,indianapolis,1.0,13
arlinngton,arlington,1.0,13
brunie,burnie,1.0,13
mongtomery,montgomery,1.0,13
sevrn,severn,1.0,13
wichit,wichita,1.0,12
108nd,108th,1.0,12
beaveton,beaverton,0.5833,12
euene,eugene,1.0,12
whteville,whiteville,1.0,12
satl,salt,1.0,12
100nd,100th,1.0,12
moinse,moines,1.0,12
170nd,170th,1.0,12
masoon,mason,1.0,12
133th,133rd,1.0,12
sacrramento,sacramento,1.0,12
plmt,plot,0.5,12
vrginia,city,0.9167,12
chaleston,charleston,1.0,12
flagsatff,flagstaff,1.0,12
nweton,newton,1.0,12
sfreet,street,1.0,12
danvillle,danville,0.9167,12
halingen,harlingen,1.0,12
haveerhill,haverhill,1.0,12
bedfrd,bedford,1.0,12
plce,place,0.9167,12
cetner,center,0.75,12
frranklin,franklin,0.75,12
elizaethtown,elizabethtown,1.0,12
memphi,memphis,1.0,12
eavnsville,evansville,1.0,12
moile,mobile,1.0,12
misssoula,missoula,1.0,12
lnox,lenox,0.9167,12
protland,portland,1.0,12
mechnicsville,mechanicsville,0.5,12
127rd,127th,1.0,12
lynchbburg,lynchburg,0.6667,12
sacrament,sacramento,1.0,12
sprnigs,springs,0.6667,12
jonnesboro,jonesboro,1.0,12
eugnee,eugene,1.0,12
charlotet,charlotte,0.8333,12
cincnnati,cincinnati,1.0,12
blooimngton,bloomington,0.75,12
beacch,beach,0.8333,12
minenapolis,mn,0.75,12
elizabethtoown,elizabethtown,0.9167,12
hiighland,highland,1.0,12
greenvilel,greenville,0.9167,12
rockvlile,rockville,0.75,12
murfreesboo,murfreesboro,1.0,12
beeach,beach,0.5833,12
spencr,spencer,1.0,12
drnve,drive,1.0,12
arlinggton,arlington,1.0,12
chalres,charles,0.9167,12
louiisville,louisville,0.8333,12
bech,beach,0.6667,12
batimore,md,0.6667,12
155rd,155th,1.0,12
ardmoer,ardmore,0.75,12
newwport,newport,0.8333,12
columbsu,columbus,1.0,12
wilmngton,wilmington,1.0,12
cdar,cedar,0.8333,12
poiint,point,1.0,12
strnet,street,1.0,12
stregt,street,1.0,12
cheester,chester,0.5833,12
hiill,hill,1.0,12
bloomingon,bloomington,1.0,12
ernon,vernon,1.0,12
batn,baton,0.9167,12
havrhill,haverhill,1.0,12
oecan,ocean,1.0,12
hute,haute,0.9167,12
heelena,helena,1.0,12
higwhay,highway,1.0,12
finndlay,findlay,1.0,12
tusscaloosa,tuscaloosa,1.0,12
atlaanta,atlanta,1.0,12
120nd,120th,1.0,12
omahha,omaha,1.0,12
fhoor,floor,1.0,12
114nd,114th,1.0,12
wilsno,wilson,0.8333,12
worrth,worth,1.0,12
mechanicsbrg,township,1.0,12
racpc,bihar,0.5,12
hih,high,1.0,12
albuqureque,albuquerque,1.0,12
saintt,saint,0.5,12
delawaare,delaware,1.0,12
socttsdale,scottsdale,1.0,12
sppringfield,springfield,0.9167,12
maryvill,maryville,0.9167,12
wicihta,wichita,0.8333,12
rocheter,ny,0.75,12
bloomigton,bloomington,1.0,12
enito,benito,1.0,12
sanb,benito,1.0,12
foey,foley,1.0,12
108st,108th,1.0,12
snigh,singh,0.8333,12
colmbia,columbia,1.0,12
forets,forest,1.0,12
dpark,park,0.9167,12
stoow,stow,1.0,12
nashvville,nashville,1.0,12
genevva,geneva,0.8333,12
lubobck,lubbock,0.8333,12
hartfod,hartford,0.9167,12
floer,floor,1.0,12
taoma,tacoma,0.9167,12
atlnta,atlanta,1.0,12
kiilleen,killeen,1.0,12
danvile,danville,0.8333,12
bosston,boston,1.0,12
worceester,worcester,1.0,12
wraren,warren,1.0,12
piont,point,1.0,12
richmoond,va,0.8333,12
lierty,liberty,1.0,12
strelt,street,1.0,12
carel,carmel,0.5833,12
wyne,wayne,0.75,12
cantno,canton,1.0,12
84rd,84th,1.0,12
virignia,virginia,0.5,12
maonr,manor,0.75,12
tolledo,toledo,1.0,12
196nd,196th,1.0,12
120st,120th,1.0,12
wilosn,wilson,0.9167,12
mooresvillle,mooresville,1.0,12
puen,pune,0.75,12
jliet,joliet,0.8333,12
indianapollis,indianapolis,1.0,12
68rd,68th,1.0,12
camraillo,camarillo,0.9167,12
johson,johnson,1.0,12
danvlle,danville,1.0,12
norht,north,0.5833,12
clumbia,columbia,1.0,12
159st,159th,1.0,12
wilminton,wilmington,1.0,12
nwark,newark,0.9167,12
140st,140th,1.0,12
gradn,grand,1.0,12
overgaard,heber,1.0,12
adnerson,anderson,1.0,12
springfied,springfield,0.9167,12
wiichita,wichita,1.0,12
101rd,101st,1.0,12
mobbile,mobile,1.0,12
washingtoon,washington,1.0,12
150st,150th,1.0,12
kayt,katy,1.0,12
liincoln,lincoln,1.0,12
hillsborro,hillsboro,0.75,12
tloedo,toledo,1.0,12
gronud,ground,1.0,12
greensboor,greensboro,1.0,12
fontna,fontana,1.0,12
wichiat,wichita,1.0,12
plrt,plot,0.6667,12
luarel,laurel,1.0,12
virgina,city,1.0,12
siou,sioux,1.0,12
beevrly,beverly,1.0,12
costaa,costa,1.0,12
brookln,brooklyn,1.0,12
middletoown,middletown,1.0,12
coumbus,columbus,1.0,12
rockord,rockford,1.0,12
adash,north,0.5833,12
lkewood,lakewood,0.9167,12
laurl,laurel,1.0,12
viwe,view,1.0,12
beah,beach,0.8333,12
105nd,105th,1.0,12
owennsboro,owensboro,1.0,12
omhaa,omaha,1.0,12
stieet,street,1.0,12
arilngton,arlington,0.8333,12
alexanrdia,alexandria,0.75,12
auubrn,auburn,0.9167,12
brooksihre,brookshire,1.0,12
lakee,lake,0.5,12
005th,5th,1.0,12
richmnd,richmond,0.5833,12
birmiingham,al,0.5833,12
220nd,220th,1.0,12
trooy,troy,1.0,12
sanduksy,sandusky,0.9167,12
dmive,drive,1.0,12
rochesteer,rochester,0.6364,11
71rd,71st,1.0,11
phoenixx,phoenix,0.9091,11
lakeivlle,lakeville,1.0,11
168st,168th,1.0,11
bridgeoprt,bridgeport,1.0,11
drfve,drive,1.0,11
vancouevr,vancouver,1.0,11
burington,burlington,1.0,11
sbreet,street,1.0,11
chattaooga,chattanooga,1.0,11
ballwni,ballwin,1.0,11
sndy,sandy,1.0,11
presoctt,prescott,0.9091,11
phoenixcdp,phoenix,1.0,11
tmepe,tempe,1.0,11
coluumbus,columbus,1.0,11
wodobridge,prince,1.0,11
btute,silver,1.0,11
huntinngton,huntington,1.0,11
rokcwall,rockwall,0.9091,11
180nd,180th,1.0,11
chicagoc,chicago,1.0,11
hlilsboro,hillsboro,1.0,11
wihita,wichita,1.0,11
peot,plot,0.7273,11
winchesterr,winchester,1.0,11
syrause,ny,0.5455,11
eugeene,eugene,1.0,11
westervile,westerville,0.6364,11
marciopa,maricopa,1.0,11
118st,118th,1.0,11
itthaca,ithaca,0.9091,11
glendaale,glendale,0.9091,11
arrlington,arlington,1.0,11
amirpet,telangana,0.9091,11
vew,view,1.0,11
wislon,wilson,0.9091,11
monticelo,monticello,0.6364,11
cpress,cypress,1.0,11
geoge,george,1.0,11
islnd,island,0.9091,11
107st,107th,1.0,11
alexanria,alexandria,0.6364,11
franlkin,franklin,0.9091,11
ogdeen,ogden,1.0,11
libery,liberty,0.9091,11
tucsonn,tucson,1.0,11
junctino,junction,1.0,11
saaint,saint,0.6364,11
hespeeria,hesperia,0.7273,11
elizabettown,elizabethtown,1.0,11
boson,boston,1.0,11
waashington,washington,1.0,11
93nd,93rd,1.0,11
aslem,salem,1.0,11
nsahville,nashville,1.0,11
achorage,anchorage,1.0,11
jonesoro,jonesboro,1.0,11
mobiile,mobile,1.0,11
linoln,lincoln,1.0,11
mephis,memphis,1.0,11
yellm,yelm,1.0,11
oford,oxford,0.7273,11
brmingham,birmingham,0.6364,11
146rd,146th,1.0,11
alapuzzha,kerala,0.7273,11
tihrd,3rd,0.6364,11
independenec,independence,1.0,11
galatin,gallatin,1.0,11
folom,folsom,1.0,11
hyanns,barnstable,0.7273,11
bazetta,cortland,0.7273,11
marshfiled,marshfield,1.0,11
indepenence,independence,0.7273,11
goldsbboro,goldsboro,1.0,11
scttsdale,scottsdale,0.8182,11
salisury,salisbury,1.0,11
thaltaj,gujarat,0.6364,11
saalisbury,salisbury,1.0,11
graland,garland,0.9091,11
decattur,decatur,1.0,11
mdaison,madison,0.9091,11
hrriman,town,0.8182,11
122st,122nd,1.0,11
diive,drive,1.0,11
clebrne,cleburne,1.0,11
oewnsboro,owensboro,1.0,11
irviing,irving,1.0,11
oylmpia,olympia,0.9091,11
keent,kent,1.0,11
cincinnait,cincinnati,1.0,11
peroia,peoria,0.9091,11
concorrd,concord,1.0,11
tcoma,tacoma,0.9091,11
slat,ut,0.7273,11
156st,156th,1.0,11
ffat,flat,1.0,11
looudon,loudon,1.0,11
idnependence,independence,1.0,11
suffol,suffolk,1.0,11
147nd,147th,1.0,11
bataviia,batavia,1.0,11
171nd,171st,1.0,11
garlad,garland,1.0,11
fagro,fargo,1.0,11
durhham,durham,1.0,11
huttto,hutto,1.0,11
chicag,chicago,1.0,11
paaul,paul,0.8182,11
staet,state,1.0,11
baltiomre,baltimore,0.9091,11
pots,post,1.0,11
akkron,akron,1.0,11
hillsboor,hillsboro,1.0,11
endwell,union,1.0,11
tacomma,tacoma,0.8182,11
newbrugh,newburgh,0.9091,11
134rd,134th,1.0,11
washinngton,washington,1.0,11
arlignton,arlington,1.0,11
inore,madhya,0.6364,11
canlder,candler,0.8182,11
revree,revere,0.7273,11
hhill,hill,0.8182,11
yaikma,yakima,0.9091,11
scottsdaale,scottsdale,0.6364,11
hnedersonville,hendersonville,1.0,11
124st,124th,1.0,11
bedfodr,bedford,0.8182,11
maryille,maryville,1.0,11
foly,foley,0.9091,11
waldrf,waldorf,1.0,11
prairiec,prairie,0.9091,11
tuucson,tucson,1.0,11
140nd,140th,1.0,11
maircopa,maricopa,1.0,11
sareet,street,1.0,11
lubboock,lubbock,1.0,11
osweog,oswego,1.0,11
cambridgge,cambridge,1.0,11
vernoon,vernon,1.0,11
norfok,norfolk,1.0,11
fishhers,fishers,1.0,11
frankin,franklin,1.0,11
davvenport,davenport,1.0,11
gibert,gilbert,1.0,11
pldt,plot,0.6364,11
woooster,wooster,1.0,11
smyra,smyrna,0.9091,11
bealeton,fauquier,1.0,11
kmuar,kumar,1.0,11
wayyne,wayne,0.6364,11
waynne,wayne,1.0,11
leage,league,1.0,11
220st,220th,1.0,11
cliinton,clinton,1.0,11
roges,rogers,1.0,11
carmichel,carmichael,1.0,11
springfeld,springfield,1.0,11
drave,drive,1.0,11
huntsvile,huntsville,1.0,11
strtet,street,1.0,11
peorai,peoria,1.0,11
richmod,richmond,0.9091,11
inddianapolis,indianapolis,1.0,11
117nd,117th,1.0,11
oxxnard,oxnard,0.9091,11
tylr,tyler,1.0,11
rivertn,riverton,0.6364,11
jackonville,jacksonville,1.0,11
cehsapeake,chesapeake,1.0,11
syracus,syracuse,0.5455,11
circe,circle,1.0,11
sacrmento,sacramento,1.0,11
albuquerrque,albuquerque,1.0,11
andoer,andover,0.8182,11
vancouuver,vancouver,1.0,11
lexingon,lexington,1.0,11
nicholasille,nicholasville,0.7273,11
ppaul,paul,0.7273,11
uinon,union,0.9091,11
glibert,gilbert,1.0,11
heseria,hesperia,1.0,11
gry,gray,0.6364,11
avoon,avon,1.0,11
charotte,charlotte,1.0,11
springfeild,springfield,0.9091,11
mempihs,memphis,1.0,11
pinceton,princeton,1.0,11
sufflk,suffolk,1.0,11
llne,lane,0.8182,11
victorvile,victorville,1.0,11
lgne,lane,0.9091,11
141th,141st,1.0,11
175rd,175th,1.0,11
licnoln,lincoln,1.0,11
parkersbburg,parkersburg,1.0,11
127st,127th,1.0,11
vlilage,village,1.0,11
portlandc,portland,1.0,11
burlinton,burlington,1.0,11
rochestter,ny,0.5455,11
141nd,141st,1.0,11
147st,147th,1.0,11
lubbok,lubbock,1.0,11
122rd,122nd,1.0,11
raeigh,raleigh,0.9091,11
ofrest,forest,1.0,11
munncie,muncie,1.0,11
hmble,humble,1.0,11
mesuqite,mesquite,1.0,11
daytn,dayton,0.5455,11
mesaa,mesa,1.0,11
sanm,san,1.0,11
stoeet,street,1.0,11
disputanta,county,1.0,11
belont,belmont,1.0,11
lmia,lima,1.0,11
77nd,77th,1.0,11
jorrdan,jordan,0.9091,11
183th,183rd,1.0,11
hutnington,huntington,0.9091,11
102rd,102nd,1.0,11
roouge,city,0.8182,11
mson,mason,1.0,10
washhington,washington,0.9,10
wndsor,windsor,0.9,10
bornx,bronx,1.0,10
rowlet,rowlett,1.0,10
remsenburg,southampton,1.0,10
99nd,99th,1.0,10
florenec,florence,1.0,10
hennrico,henrico,1.0,10
cnroe,conroe,1.0,10
lafyette,lafayette,0.9,10
brokn,broken,1.0,10
nperville,naperville,1.0,10
shawneee,shawnee,0.9,10
slver,silver,0.9,10
englewwood,union,0.5,10
findlya,findlay,1.0,10
faiirfax,fairfax,1.0,10
smynra,smyrna,1.0,10
nweport,newport,0.6,10
evannsville,evansville,1.0,10
anooka,mn,0.9,10
ricmhond,richmond,1.0,10
asutin,austin,1.0,10
fbat,flat,0.9,10
glenviwe,glenview,1.0,10
ssalem,salem,1.0,10
bistol,bristol,1.0,10
saintlouis,louis,0.9,10
wilm,s,0.9,10
grnade,grande,0.9,10
calrksville,clarksville,1.0,10
crsos,cross,1.0,10
johnnson,johnson,0.8,10
rocheste,rochester,0.6,10
potrsmouth,portsmouth,1.0,10
marlbro,marlboro,1.0,10
rusellville,russellville,1.0,10
tucso,tucson,0.7,10
rrouge,city,1.0,10
hampsetad,hampstead,1.0,10
strbet,street,1.0,10
wimington,wilmington,1.0,10
hudosn,hudson,0.9,10
wilington,wilmington,1.0,10
highp,high,0.9,10
venura,ventura,1.0,10
drmve,drive,1.0,10
longgview,longview,1.0,10
sacramentotownship,sacramento,1.0,10
ddive,drive,1.0,10
temlpe,temple,1.0,10
maion,marion,0.6,10
jcakson,jackson,1.0,10
yonugstown,youngstown,1.0,10
grnad,grand,0.9,10
apppleton,of,1.0,10
libertty,liberty,1.0,10
rcohester,rochester,0.9,10
rochster,greece,0.6,10
hocley,hockley,1.0,10
rosedalle,rosedale,1.0,10
142th,142nd,1.0,10
rievr,river,1.0,10
pfot,plot,0.7,10
crcle,circle,1.0,10
haegrstown,hagerstown,1.0,10
laafayette,lafayette,1.0,10
hmpton,hampton,1.0,10
kernerssville,kernersville,0.8,10
brox,bronx,1.0,10
minneeapolis,mn,0.8,10
160st,160th,1.0,10
mkinney,mckinney,1.0,10
cheser,chesterfield,0.6,10
142st,142nd,1.0,10
toolee,tooele,0.8,10
drbve,drive,1.0,10
gruond,ground,1.0,10
westervlile,westerville,1.0,10
102th,102nd,1.0,10
syracues,syracuse,0.5,10
lebbanon,lebanon,1.0,10
indianaplis,indianapolis,0.9,10
onenota,oneonta,0.9,10
laytoon,layton,1.0,10
fairffield,fairfield,0.9,10
moliine,moline,1.0,10
wiliams,williams,1.0,10
albuquerue,albuquerque,1.0,10
batoon,baton,0.9,10
grreensboro,greensboro,1.0,10
155st,155th,1.0,10
washiington,washington,0.8,10
auroora,aurora,1.0,10
146nd,146th,1.0,10
kolkaat,kolkata,0.8,10
clevealnd,cleveland,0.6,10
amissville,county,1.0,10
glbert,gilbert,1.0,10
mariicopa,maricopa,1.0,10
greenbackville,county,1.0,10
125nd,125th,1.0,10
ahmedanbad,gujarat,0.8,10
abuurn,auburn,0.8,10
sprigns,springs,0.7,10
cocnord,concord,1.0,10
amarilo,amarillo,1.0,10
plymoutth,plymouth,1.0,10
toldo,toledo,1.0,10
kiing,king,1.0,10
vaalley,valley,0.8,10
drire,drive,1.0,10
flobr,floor,1.0,10
ketn,kent,0.9,10
phoeni,phoenix,1.0,10
wilmmington,wilmington,1.0,10
biirmingham,birmingham,0.7,10
lynnn,lynn,1.0,10
168nd,168th,1.0,10
avense,avenue,1.0,10
92st,92nd,1.0,10
linclon,lincoln,1.0,10
townsed,townsend,1.0,10
maatthews,matthews,0.7,10
152rd,152nd,1.0,10
peoia,peoria,1.0,10
lnne,lane,0.9,10
poit,point,0.9,10
viginia,virginia,0.7,10
makret,market,1.0,10
madsion,madison,0.9,10
suitlandcity,suitland,0.8,10
mashpe,mashpee,1.0,10
fllt,flat,1.0,10
huntvsille,huntsville,1.0,10
reddinng,redding,1.0,10
beellevue,bellevue,1.0,10
montgomeery,montgomery,1.0,10
forrt,fort,0.9,10
norrwood,norwood,1.0,10
kayysville,heights,0.5,10
willimsburg,city,0.9,10
painseville,oh,0.8,10
salissbury,salisbury,1.0,10
160nd,160th,1.0,10
folsmo,folsom,1.0,10
everet,everett,1.0,10
meaow,meadow,0.9,10
frederiick,frederick,1.0,10
indanapolis,indianapolis,1.0,10
clarksvile,clarksville,1.0,10
stbeet,street,1.0,10
parkerssburg,parkersburg,1.0,10
grahaam,graham,0.7,10
marrtinsville,martinsville,0.6,10
posen,robbins,1.0,10
149st,149th,1.0,10
floence,florence,0.9,10
lttle,little,1.0,10
vancouvver,vancouver,1.0,10
flomr,floor,1.0,10
peorria,peoria,1.0,10
jonesobro,jonesboro,1.0,10
yrk,york,0.8,10
spings,springs,1.0,10
wichta,wichita,1.0,10
decatuur,decatur,1.0,10
sprring,spring,0.7,10
mempphis,memphis,1.0,10
rdige,ridge,0.8,10
wilmingtno,wilmington,1.0,10
rpaids,rapids,1.0,10
jolet,joliet,1.0,10
eurekka,eureka,1.0,10
136rd,136th,1.0,10
palatiine,palatine,0.8,10
109nd,109th,1.0,10
paragoud,paragould,1.0,10
pso,paso,0.9,10
coroe,conroe,1.0,10
aheville,asheville,0.6,10
cleevland,oh,0.5,10
moies,moines,1.0,10
ranngareddy,telangana,0.9,10
dulth,duluth,0.7,10
jacksonvilel,jacksonville,0.7,10
hlena,helena,1.0,10
sprigs,springs,1.0,10
166rd,166th,1.0,10
heigths,heights,1.0,10
hesperai,hesperia,1.0,10
boonney,bonney,1.0,10
163th,163rd,1.0,10
flct,flat,0.9,10
inependence,independence,0.9,10
138st,138th,1.0,10
flogr,floor,1.0,10
payyson,payson,1.0,10
bloomngton,bloomington,1.0,10
bayown,baytown,1.0,10
srreet,street,1.0,10
charlootte,charlotte,1.0,10
unon,union,1.0,10
huntersvlle,huntersville,1.0,10
heigts,heights,0.9,10
flit,flat,0.7,10
fontanna,fontana,1.0,10
concrd,concord,1.0,10
brihanmumbai,maharashtra,0.9,10
oaak,oak,1.0,10
154rd,154th,1.0,10
gangadharapuram,telangana,0.7,10
firborn,fairborn,1.0,10
lasdale,township,0.6,10
clraksville,clarksville,0.9,10
millsboo,millsboro,1.0,10
belllingham,bellingham,1.0,10
huntrsville,huntersville,1.0,10
135rd,135th,1.0,10
brownsurg,brownsburg,1.0,10
milofrd,milford,1.0,10
whetaon,wheaton,1.0,10
ggrove,grove,0.6,10
stgeet,street,1.0,10
plaaz,plaza,1.0,10
swancreek,swanton,0.7,10
middl,middle,0.8,10
woodbburn,woodburn,0.9,10
ashevilel,asheville,1.0,10
balllwin,mo,1.0,10
chicagocdp,chicago,1.0,10
wcihita,wichita,0.9,10
ilsand,island,0.8,10
monre,monroe,0.9,10
masssillon,massillon,1.0,10
drrve,drive,1.0,10
gendale,glendale,0.9,10
monore,monroe,0.9,10
citycdp,city,1.0,10
topeak,topeka,1.0,10
deltaville,middlesex,1.0,10
elign,elgin,0.7,10
flior,floor,1.0,10
snta,santa,1.0,10
oweensboro,owensboro,1.0,10
anchoorage,anchorage,1.0,10
avlnue,avenue,1.0,10
birmingahm,birmingham,0.9,10
staford,stamford,0.6,10
roadbhopal,madhya,0.7,10
kokkomo,kokomo,0.9,10
mbile,mobile,1.0,10
everrett,everett,1.0,10
highladn,highland,0.9,10
phoenixville,upper,1.0,10
mnineapolis,avenue,0.7,10
sheramn,sherman,0.9,10
crandal,crandall,1.0,10
acnhorage,anchorage,1.0,10
153st,153rd,1.0,10
uion,union,0.9,10
frankliin,franklin,0.7,10
stdeet,street,1.0,10
maumellle,maumelle,0.9,10
kokoom,kokomo,1.0,10
boulevrd,boulevard,1.0,9
lavveen,phoenix,1.0,9
strent,street,1.0,9
mnotgomery,montgomery,1.0,9
sykesvillee,sykesville,1.0,9
laafyette,lafayette,1.0,9
statenn,staten,1.0,9
sppokane,spokane,1.0,9
nofolk,norfolk,1.0,9
bronsville,brownsville,1.0,9
randolh,randolph,1.0,9
porltand,or,0.5556,9
ffoor,floor,1.0,9
bedord,bedford,1.0,9
hemritage,nashville,1.0,9
145nd,145th,1.0,9
surprrise,surprise,1.0,9
boulveard,boulevard,1.0,9
clarskville,clarksville,1.0,9
drove,drive,1.0,9
126rd,126th,1.0,9
angieer,angier,1.0,9
blulard,bullard,1.0,9
stanfordville,stanford,0.8889,9
frat,flat,1.0,9
akneny,ankeny,1.0,9
albuqquerque,albuquerque,1.0,9
chesaeake,chesapeake,1.0,9
nblesville,noblesville,1.0,9
tuscaolosa,tuscaloosa,1.0,9
ullahawas,haryana,0.8889,9
athesn,athens,1.0,9
elkahrt,elkhart,1.0,9
raleiigh,raleigh,1.0,9
smreet,street,1.0,9
mosse,moses,1.0,9
fcat,flat,1.0,9
mcminnvlle,mcminnville,0.8889,9
garlaand,garland,1.0,9
shresbury,shrewsbury,0.8889,9
svillage,village,1.0,9
brihgton,boston,0.6667,9
alexandira,va,0.5556,9
187rd,187th,1.0,9
yucc,yucca,1.0,9
belforest,daphne,1.0,9
126nd,126th,1.0,9
smiht,smith,1.0,9
schenecttady,ny,0.6667,9
lannd,land,1.0,9
noristown,pa,0.7778,9
hobs,hobbs,1.0,9
asenue,avenue,1.0,9
rcokwall,rockwall,1.0,9
chatatnooga,chattanooga,0.8889,9
mniot,minot,1.0,9
danveers,danvers,1.0,9
edicott,union,0.5556,9
bimingham,birmingham,0.7778,9
pnue,pune,0.7778,9
whtie,white,0.7778,9
pikessville,pikesville,0.8889,9
forneytownship,forney,1.0,9
snford,sanford,1.0,9
vanouver,vancouver,1.0,9
columia,columbia,1.0,9
chaattanooga,chattanooga,0.7778,9
gallattin,gallatin,1.0,9
tlouis,louis,0.7778,9
edond,edmond,1.0,9
newpport,newport,0.7778,9
cleafrield,ut,0.6667,9
massilllon,massillon,1.0,9
sheidan,sheridan,1.0,9
edwadsville,edwardsville,0.8889,9
glouucester,gloucester,1.0,9
nwton,newton,1.0,9
212st,212th,1.0,9
lien,line,1.0,9
maln,main,1.0,9
rentton,renton,1.0,9
gledale,glendale,0.8889,9
rdemond,redmond,1.0,9
windsoor,windsor,1.0,9
flgt,flat,1.0,9
hunersville,huntersville,1.0,9
gilert,gilbert,1.0,9
westtown,minisink,1.0,9
greenvlle,greenville,1.0,9
charlles,charles,0.7778,9
haarlingen,harlingen,1.0,9
dorchetser,boston,1.0,9
maanssas,manassas,0.6667,9
cincinnatti,cincinnati,1.0,9
konxville,knoxville,0.7778,9
plaifield,plainfield,0.7778,9
mesquie,mesquite,1.0,9
elgn,elgin,1.0,9
schenevus,maryland,0.5556,9
lardo,laredo,1.0,9
arligton,arlington,0.8889,9
137st,137th,1.0,9
avenee,avenue,1.0,9
clyton,clayton,0.8889,9
vcaville,vacaville,1.0,9
redond,redmond,1.0,9
evansivlle,evansville,1.0,9
padcuah,paducah,1.0,9
newotn,newton,1.0,9
201rd,201st,1.0,9
setatle,seattle,1.0,9
avende,avenue,1.0,9
fontaan,fontana,1.0,9
conuty,county,1.0,9
ontairo,ontario,1.0,9
midddletown,middletown,1.0,9
chrleston,charleston,1.0,9
garlannd,garland,1.0,9
chespeake,chesapeake,1.0,9
baavia,batavia,0.8889,9
warreton,fauquier,1.0,9
charlottesvlle,charlottesville,1.0,9
snady,sandy,0.7778,9
spirngfield,springfield,0.7778,9
foks,forks,1.0,9
poughquag,beekman,0.8889,9
179nd,179th,1.0,9
kansasc,kansas,0.8889,9
flhor,floor,1.0,9
montgomerry,montgomery,1.0,9
anelope,antelope,1.0,9
spokae,spokane,1.0,9
vncouver,vancouver,1.0,9
charlston,charleston,1.0,9
hagersstown,hagerstown,1.0,9
eddwardsville,edwardsville,1.0,9
wign,wing,1.0,9
topekka,topeka,1.0,9
billigs,billings,1.0,9
arrw,arrow,1.0,9
95nd,95th,1.0,9
hgihway,highway,1.0,9
beaumnt,beaumont,1.0,9
ashlaand,ashland,0.5556,9
mll,mall,0.5556,9
farifield,fairfield,1.0,9
snreet,street,1.0,9
hyatstville,hyattsville,1.0,9
frnklin,ny,0.5556,9
fairmnt,fairmont,1.0,9
brownsvile,brownsville,1.0,9
feat,flat,1.0,9
jloiet,joliet,0.7778,9
sacrmaento,sacramento,0.8889,9
screet,street,1.0,9
murfreesoro,murfreesboro,1.0,9
148nd,148th,1.0,9
bareliy,uttar,1.0,9
gurfaon,gurgaon,0.6667,9
shalersville,oh,0.5556,9
birminggham,birmingham,0.8889,9
arncho,rancho,1.0,9
faifield,fairfield,1.0,9
laytno,layton,1.0,9
harrrison,harrison,0.8889,9
220c,220,1.0,9
ithaa,ithaca,0.8889,9
murfeesboro,murfreesboro,1.0,9
dfeiance,defiance,1.0,9
cedra,cedar,0.8889,9
spokne,spokane,1.0,9
104rd,104th,1.0,9
albny,albany,0.7778,9
cosat,costa,1.0,9
worceste,worcester,1.0,9
lockort,lockport,0.8889,9
wincheser,winchester,0.5556,9
mrogantown,morgantown,0.7778,9
apul,mn,0.7778,9
173th,173rd,1.0,9
116st,116th,1.0,9
rcosse,of,1.0,9
surprisec,surprise,1.0,9
rrapids,rapids,1.0,9
184rd,184th,1.0,9
leanon,lebanon,1.0,9
huntsvlile,huntsville,0.7778,9
bouleavrd,boulevard,1.0,9
bozema,bozeman,1.0,9
surpprise,surprise,1.0,9
saugs,saugus,1.0,9
bernardno,bernardino,1.0,9
misouri,missouri,0.8889,9
farifax,fairfax,1.0,9
mobiel,mobile,0.8889,9
issland,island,1.0,9
hamtpon,hampton,1.0,9
winstonn,winston,1.0,9
birstol,bristol,1.0,9
chlesea,chelsea,1.0,9
streht,street,1.0,9
scottssdale,scottsdale,1.0,9
raapids,rapids,1.0,9
avenhe,avenue,1.0,9
dtive,drive,1.0,9
cornoe,conroe,1.0,9
lakein,in,1.0,9
venron,vernon,1.0,9
huntingon,huntington,0.8889,9
allne,allen,0.8889,9
cicninnati,cincinnati,1.0,9
manchhester,manchester,1.0,9
ashalnd,ashland,0.8889,9
128nd,128th,1.0,9
hliliard,hilliard,1.0,9
177nd,177th,1.0,9
mucnie,muncie,1.0,9
ubana,urbana,0.8889,9
hickoy,hickory,1.0,9
125d,125,1.0,9
spuply,supply,0.7778,9
clevelland,cleveland,1.0,9
153nd,153rd,1.0,9
pinnehurst,pinehurst,0.5556,9
anchrage,anchorage,1.0,9
ocan,ocean,1.0,9
brnx,bronx,1.0,9
crrosby,crosby,0.8889,9
plst,plot,0.6667,9
raids,rapids,1.0,9
eveerett,everett,0.8889,9
norawlk,norwalk,1.0,9
glouecster,gloucester,1.0,9
amarill,amarillo,0.8889,9
167st,167th,1.0,9
quueen,queen,0.8889,9
fifh,5th,0.7778,9
cve,cove,0.7778,9
dtownship,tn,0.5556,9
gainesvville,prince,0.6667,9
arlingtn,arlington,0.8889,9
176nd,176th,1.0,9
salia,salina,1.0,9
louisille,ky,0.5556,9
valeljo,vallejo,1.0,9
chape,chapel,1.0,9
fmat,flat,1.0,9
rocheser,rochester,0.7778,9
normman,norman,1.0,9
palesine,palestine,1.0,9
flft,flat,1.0,9
spokaen,spokane,1.0,9
scottdsale,scottsdale,0.5556,9
andeson,anderson,1.0,9
115rd,115th,1.0,9
valljeo,vallejo,1.0,9
ffalls,falls,0.6667,9
ggreen,green,1.0,9
buceye,buckeye,0.8889,9
meemphis,memphis,0.8889,9
hunttsville,huntsville,1.0,9
wlnut,walnut,0.8889,9
128rd,128th,1.0,9
wite,white,1.0,9
westoprt,westport,1.0,9
semyour,seymour,1.0,9
143th,143rd,1.0,9
nasvhille,nashville,1.0,9
springgfield,springfield,1.0,9
idnianapolis,indianapolis,1.0,9
avehue,avenue,1.0,9
joordan,jordan,1.0,9
132th,132nd,1.0,9
kkomo,kokomo,1.0,9
gadren,garden,1.0,9
napperville,naperville,1.0,9
tpaul,mn,0.5556,9
moooresville,mooresville,1.0,9
noiad,noida,0.8889,9
ltne,lane,1.0,9
crytal,crystal,0.8889,9
lancater,lancaster,0.8889,9
sanbernardino,bernardino,1.0,9
washnigton,washington,0.7778,9
citycity,moore,0.8889,9
scotstdale,phoenix,0.5556,9
liittle,little,1.0,9
syracse,syracuse,1.0,9
neddick,york,1.0,9
coppll,coppell,1.0,9
dcikinson,dickinson,1.0,9
avsnue,avenue,1.0,9
103th,103rd,1.0,9
jmaica,ma,0.8889,9
middletownn,middletown,1.0,9
klkata,howrah,0.7778,9
plattburgh,plattsburgh,0.8889,9
quiny,quincy,1.0,9
connroe,conroe,1.0,9
texarrkana,texarkana,1.0,9
250st,250th,1.0,9
chesapeakke,chesapeake,1.0,9
kharsawan,gujarat,0.7778,9
saraikela,gujarat,0.7778,9
ciincinnati,cincinnati,1.0,9
klaispell,kalispell,1.0,9
wanut,walnut,1.0,9
flamouth,falmouth,1.0,9
cambrridge,cambridge,1.0,9
nomran,norman,0.8889,9
flmt,flat,1.0,9
clarsville,clarksville,1.0,9
pooint,point,0.7778,9
morgnton,morganton,1.0,9
huutto,hutto,1.0,9
blacksbrg,blacksburg,1.0,9
jakcson,jackson,0.8889,9
189rd,189th,1.0,9
medofrd,medford,0.8889,9
sacraamento,sacramento,1.0,9
queensbuy,queensbury,1.0,9
cloovis,clovis,1.0,9
buolevard,boulevard,1.0,9
wyork,ny,0.8889,9
wlimington,wilmington,1.0,9
firthcliffe,cornwall,0.8889,9
wig,wing,1.0,9
beahc,beach,0.7778,9
schumburg,schaumburg,1.0,9
chandller,chandler,0.8889,9
171th,171st,1.0,9
levittwn,hempstead,1.0,9
brighon,boston,0.7778,9
wicnhester,winchester,0.6667,9
dsive,drive,1.0,9
cayr,cary,1.0,9
yonkeers,yonkers,1.0,9
knoxvville,knoxville,1.0,9
indiannapolis,indianapolis,1.0,9
bosto,boston,1.0,9
prnceton,princeton,1.0,9
cemmons,clemmons,1.0,9
tmball,tomball,1.0,8
decautr,decatur,1.0,8
kalisppell,kalispell,1.0,8
annandaale,fairfax,1.0,8
stceet,street,1.0,8
bedn,bend,1.0,8
010th,10th,1.0,8
jeffersonvillle,jeffersonville,1.0,8
shrewood,sherwood,1.0,8
dfive,drive,1.0,8
lauurel,laurel,1.0,8
laekwood,lakewood,1.0,8
hamiltton,hamilton,1.0,8
gld,gold,1.0,8
gluf,gulf,1.0,8
240rd,240th,1.0,8
morrs,morris,0.875,8
111st,111th,1.0,8
chatttanooga,chattanooga,0.625,8
fisshers,fishers,1.0,8
troutvville,botetourt,1.0,8
96nd,96th,1.0,8
eklton,elkton,0.75,8
knovxille,knoxville,0.875,8
stlouis,louis,1.0,8
strmet,street,1.0,8
bato,baton,0.875,8
independece,independence,0.875,8
foest,forest,1.0,8
fatehgarhsukar,punjab,0.625,8
arlnigton,arlington,1.0,8
pfluerville,pflugerville,1.0,8
iisland,island,0.625,8
biringham,birmingham,1.0,8
vienan,wv,0.5,8
normla,normal,1.0,8
monttgomery,montgomery,0.875,8
raancho,rancho,1.0,8
geat,great,0.875,8
lovesp,park,1.0,8
livingtson,livingston,1.0,8
seocnd,second,0.625,8
kingstonc,ny,1.0,8
pickkerington,pickerington,0.875,8
srpings,springs,0.75,8
franlin,franklin,0.75,8
klispell,kalispell,1.0,8
sencea,seneca,1.0,8
sehd,shed,1.0,8
streft,street,1.0,8
balltimore,baltimore,0.875,8
becah,beach,1.0,8
hyattsvile,hyattsville,1.0,8
brookille,brookville,1.0,8
wrocester,worcester,1.0,8
marblorough,marlborough,1.0,8
lebann,lebanon,0.875,8
sterlign,county,0.75,8
pwy,parkway,1.0,8
knihtdale,knightdale,1.0,8
marshfild,of,1.0,8
ational,national,0.625,8
ccharles,charles,1.0,8
loagn,logan,1.0,8
durhamm,durham,1.0,8
mliford,milford,1.0,8
ftw,fort,1.0,8
staffoord,stafford,1.0,8
buen,buren,0.625,8
flonr,floor,1.0,8
wenddell,wendell,0.75,8
shewrood,sherwood,0.75,8
uren,buren,1.0,8
oenton,odenton,1.0,8
stfeet,street,1.0,8
farfield,fairfield,1.0,8
nashille,nashville,0.875,8
bountful,bountiful,0.75,8
maryvsille,marysville,1.0,8
pbot,plot,0.875,8
132rd,132nd,1.0,8
middeltown,wallkill,1.0,8
hendersonviille,hendersonville,1.0,8
clvis,clovis,1.0,8
clevelandc,richmond,0.5,8
strebt,street,1.0,8
kansasville,of,1.0,8
redmoond,redmond,1.0,8
inndependence,independence,1.0,8
rchester,rochester,0.625,8
roaonke,roanoke,1.0,8
300rd,300th,1.0,8
methueen,methuen,1.0,8
lncoln,lincoln,1.0,8
germatown,germantown,1.0,8
doover,dover,1.0,8
plet,plot,0.875,8
maitowoc,manitowoc,1.0,8
145rd,145th,1.0,8
taacoma,tacoma,1.0,8
rtgs,maharashtra,0.75,8
roogers,rogers,0.75,8
staatsburg,ny,0.625,8
plaa,plaza,1.0,8
meddford,medford,1.0,8
balimore,baltimore,1.0,8
puyallupp,puyallup,1.0,8
auroar,aurora,1.0,8
146st,146th,1.0,8
rosenerg,rosenberg,1.0,8
texarana,texarkana,1.0,8
clearfieldc,clearfield,0.625,8
albuqueerque,albuquerque,1.0,8
drile,drive,1.0,8
presctot,prescott,1.0,8
raleig,raleigh,1.0,8
cunty,county,1.0,8
barsttow,barstow,0.875,8
atlana,atlanta,1.0,8
ontaro,ontario,1.0,8
medord,medford,1.0,8
houstoncity,houston,1.0,8
moutnain,mountain,1.0,8
indinaapolis,indianapolis,1.0,8
hammburg,hamburg,0.75,8
parkvville,parkville,0.875,8
ninilchik,peninsula,1.0,8
poughkeepsiecdp,poughkeepsie,1.0,8
sevieville,sevierville,1.0,8
fcoor,floor,1.0,8
floorissant,florissant,1.0,8
oange,orange,1.0,8
northh,north,0.75,8
siimi,simi,1.0,8
wakesha,of,1.0,8
157nd,157th,1.0,8
133nd,133rd,1.0,8
89nd,89th,1.0,8
brookklyn,brooklyn,1.0,8
dhive,drive,1.0,8
hamilotn,hamilton,0.75,8
waler,waller,0.875,8
batonrouge,rouge,1.0,8
naperille,naperville,1.0,8
tiruchiorappalli,tamil,0.75,8
160rd,160th,1.0,8
warsaaw,warsaw,0.625,8
shermn,sherman,1.0,8
perrysubrg,perrysburg,1.0,8
mttapan,boston,1.0,8
annapoolis,annapolis,1.0,8
kanssa,kansas,0.875,8
clinotn,clinton,1.0,8
siox,sioux,1.0,8
70nd,70th,1.0,8
frankln,franklin,1.0,8
nroman,norman,1.0,8
husdon,hudson,0.625,8
meesa,mesa,1.0,8
205st,205th,1.0,8
dbuuque,dubuque,1.0,8
beeloit,of,0.875,8
flofr,floor,1.0,8
plainnfield,plainfield,1.0,8
peblo,west,1.0,8
huurricane,city,1.0,8
avvon,avon,0.875,8
tuullahoma,tullahoma,1.0,8
athns,athens,1.0,8
mountaain,mountain,0.75,8
akeny,ankeny,1.0,8
ridgge,ridge,0.875,8
potr,port,1.0,8
victorivlle,victorville,1.0,8
seatte,seattle,0.625,8
waertown,watertown,0.75,8
sainnt,unit,0.5,8
norriistown,norriton,0.75,8
islannd,island,0.875,8
driie,drive,1.0,8
frnaklin,franklin,1.0,8
180st,180th,1.0,8
cheeynne,unit,0.875,8
bewster,southeast,0.5,8
collinsvill,collinsville,0.5,8
blomoington,bloomington,1.0,8
propect,prospect,1.0,8
lynnc,lynn,1.0,8
perrsburg,perrysburg,1.0,8
newtton,newton,1.0,8
167rd,167th,1.0,8
amhrst,amherst,1.0,8
mariion,county,0.625,8
newort,newport,0.75,8
cincinanti,cincinnati,1.0,8
plaiinfield,plainfield,1.0,8
singpur,gujarat,0.5,8
corland,cortland,0.5,8
broookline,brookline,1.0,8
magnnolia,magnolia,1.0,8
ashand,ashland,1.0,8
pasdena,pasadena,1.0,8
rockfor,rockford,1.0,8
pougkheepsie,poughkeepsie,0.875,8
vrnon,vernon,1.0,8
195rd,195th,1.0,8
leington,lexington,1.0,8
humle,humble,1.0,8
yakkima,yakima,1.0,8
marlborouggh,marlborough,1.0,8
ork,ny,0.625,8
suprise,surprise,1.0,8
dcikson,dickson,0.875,8
174nd,174th,1.0,8
tempple,temple,1.0,8
orlad,orland,1.0,8
163st,163rd,1.0,8
macn,main,0.625,8
isladn,island,0.875,8
kinstn,kinston,1.0,8
sandd,sand,1.0,8
albuuerque,albuquerque,1.0,8
mannsfield,tx,0.875,8
sctotsdale,az,0.875,8
virgnia,virginia,0.5,8
staeet,street,1.0,8
pauul,roseville,0.5,8
mchnry,mchenry,1.0,8
galvesto,galveston,1.0,8
burliington,burlington,1.0,8
waynevsille,waynesville,1.0,8
185st,185th,1.0,8
yuam,yuma,1.0,8
192st,192nd,1.0,8
frepeort,freeport,1.0,8
linconl,lincoln,1.0,8
ealge,eagle,1.0,8
newprot,newport,0.875,8
racnie,racine,1.0,8
aamrillo,amarillo,1.0,8
trouutman,troutman,1.0,8
brnox,bronx,1.0,8
davenprt,davenport,1.0,8
mansifeld,mansfield,0.875,8
anniton,anniston,1.0,8
puayllup,puyallup,1.0,8
flbt,flat,1.0,8
gaet,gate,1.0,8
millsbboro,millsboro,1.0,8
kinggsville,kingsville,1.0,8
cnicinnati,cincinnati,1.0,8
122th,122nd,1.0,8
meban,mebane,1.0,8
westffield,westfield,1.0,8
claysburg,greenfield,1.0,8
fnoor,floor,1.0,8
knigston,kingston,0.75,8
lredo,laredo,1.0,8
rocheester,rochester,0.875,8
albuqeurque,albuquerque,1.0,8
famr,farm,1.0,8
198st,198th,1.0,8
yuuma,yuma,1.0,8
kinngman,kingman,1.0,8
nottigham,nottingham,1.0,8
birminngham,birmingham,0.75,8
houte,house,1.0,8
181rd,181st,1.0,8
columbusc,columbus,1.0,8
bwie,bowie,1.0,8
rogeers,rogers,0.875,8
cncord,concord,1.0,8
toeka,topeka,1.0,8
bellignham,bellingham,1.0,8
stuoghton,of,1.0,8
semour,seymour,1.0,8
drtve,drive,1.0,8
scottsdalecity,scottsdale,1.0,8
reisetrstown,reisterstown,1.0,8
sanord,sanford,1.0,8
somerivlle,somerville,1.0,8
johnstn,johnston,1.0,8
zaneesville,zanesville,1.0,8
houstonc,houston,1.0,8
locuts,locust,1.0,8
owensobro,owensboro,1.0,8
hambuurg,hamburg,0.75,8
syarcuse,solvay,0.5,8
nellysford,nelson,1.0,8
colubmia,columbia,0.875,8
windssor,windsor,1.0,8
beettendorf,bettendorf,1.0,8
fayetteeville,fayetteville,1.0,8
007th,7th,1.0,8
matthws,matthews,0.75,8
flcor,floor,1.0,8
medfor,medford,0.875,8
beaveron,beaverton,1.0,8
bouelvard,boulevard,1.0,8
hcarles,charles,0.875,8
aea,area,1.0,8
stneet,street,1.0,8
wison,wilson,1.0,8
lynnwod,lynnwood,0.875,8
spriing,spring,1.0,8
neton,newton,0.75,8
mdidletown,middletown,0.875,8
fsoor,floor,1.0,8
peoira,peoria,1.0,8
lwell,lowell,1.0,8
naggr,nagar,1.0,8
172th,172nd,1.0,8
taylr,taylor,1.0,8
indianapoli,indianapolis,1.0,8
covignton,covington,1.0,8
sterrling,county,0.75,8
sprinngs,springs,0.75,8
afenue,avenue,1.0,8
hedersonville,hendersonville,1.0,8
txarkana,texarkana,1.0,8
124nd,124th,1.0,8
cliton,clinton,0.625,8
marrlboro,marlboro,0.875,8
gohen,goshen,1.0,8
newrk,newark,1.0,8
clevveland,oh,0.625,8
eugenne,eugene,1.0,8
270st,270th,1.0,8
123st,123rd,1.0,8
virgiina,virginia,0.5,8
leeburg,town,0.875,8
chhandler,chandler,1.0,8
boradway,broadway,1.0,8
iowwa,iowa,0.5,8
avhnue,avenue,1.0,8
bouleard,boulevard,1.0,8
brraintree,braintree,1.0,8
weumpka,wetumpka,1.0,8
lenori,lenoir,0.875,8
wadsorth,wadsworth,1.0,8
mlden,malden,1.0,8
albuquuerque,albuquerque,1.0,8
stseet,street,1.0,8
dlalas,dallas,1.0,8
brkoen,broken,1.0,8
arlintgon,arlington,0.875,8
seenca,seneca,1.0,8
drlve,drive,1.0,8
300nd,300th,1.0,8
156nd,156th,1.0,8
crvallis,corvallis,1.0,8
aarillo,amarillo,1.0,8
cinton,clinton,0.875,8
drise,drive,1.0,8
119nd,119th,1.0,8
161rd,161st,1.0,8
cadenton,camdenton,1.0,8
shakpee,shakopee,1.0,8
sereet,street,1.0,8
vsita,vista,1.0,8
avcnue,avenue,1.0,8
dcive,drive,1.0,8
179rd,179th,1.0,8
plgt,plot,0.75,8
syacuse,syracuse,1.0,8
indepeendence,independence,1.0,8
mrietta,marietta,1.0,8
wauekgan,waukegan,1.0,8
180rd,180th,1.0,8
barneveld,trenton,0.75,8
euggene,eugene,1.0,8
georgeton,georgetown,1.0,8
178rd,178th,1.0,8
aovn,avon,1.0,8
lopo,loop,1.0,8
joilet,joliet,1.0,8
cinccinnati,cincinnati,1.0,8
mape,maple,1.0,8
omahaa,omaha,0.75,8
rockk,rock,1.0,8
205rd,205th,1.0,8
naperviille,naperville,1.0,8
plzaa,plaza,1.0,8
hihway,highway,1.0,8
newb,new,1.0,8
fairiew,fairview,1.0,8
chio,chino,0.875,8
oaa,bengal,1.0,8
drige,drive,1.0,8
pataskalac,oh,0.875,8
toldeo,toledo,1.0,8
139st,139th,1.0,8
russelville,russellville,1.0,8
vernn,vernon,1.0,8
blooomington,bloomington,0.875,8
vaparaiso,valparaiso,1.0,8
hven,haven,1.0,8
killeeen,killeen,1.0,8
lakec,lake,0.75,8
mgnolia,magnolia,1.0,8
beauort,beaufort,0.875,8
auburnn,auburn,1.0,8
161th,161st,1.0,8
caspeer,casper,1.0,8
hghland,highland,1.0,8
bothll,bothell,0.75,8
surrpise,surprise,1.0,8
merose,melrose,0.625,8
peteers,peters,1.0,8
linevillet,lineville,1.0,8
flushear,fulshear,1.0,8
mlford,milford,1.0,8
raacine,of,0.875,8
clovvis,clovis,1.0,8
sppringdale,springdale,1.0,8
killene,killeen,1.0,8
sprngs,springs,0.5,8
faifrield,fairfield,1.0,8
ssprings,springs,0.75,8
norfokl,norfolk,1.0,8
fairfx,fairfax,1.0,8
faridabaad,haryana,1.0,8
hnerico,henrico,0.875,8
98rd,98th,1.0,8
ynokers,yonkers,1.0,8
richmondtownship,richmond,1.0,8
cicro,cicero,1.0,8
havven,haven,0.625,8
lauerl,laurel,1.0,8
113st,113th,1.0,8
reidsvile,reidsville,0.875,8
toleddo,toledo,1.0,8
anetlope,antelope,1.0,8
miford,milford,1.0,8
befdord,bedford,1.0,8
oean,olean,0.75,8
hendreson,henderson,1.0,8
dgive,drive,1.0,8
atlanat,atlanta,1.0,8
draer,co,1.0,8
galltain,gallatin,1.0,8
essxe,essex,1.0,8
srpingfield,springfield,1.0,8
dcatur,decatur,0.75,8
worcetser,worcester,1.0,8
spoakne,spokane,1.0,8
eglr,karnataka,0.875,8
perrry,perry,1.0,8
owaso,owasso,1.0,8
batonr,baton,1.0,8
sacraemnto,sacramento,1.0,8
hihgway,highway,1.0,8
winerville,nc,1.0,7
milville,39223,1.0,7
ergne,lavergne,1.0,7
mrehead,nc,1.0,7
oines,moines,1.0,7
gdfrey,godfrey,1.0,7
wlson,wilson,0.7143,7
ceadr,cedar,1.0,7
lmne,lane,0.8571,7
clarrksville,clarksville,1.0,7
yonkesr,yonkers,0.8571,7
newaark,newark,1.0,7
walut,walnut,1.0,7
osnaburg,canton,0.8571,7
thidr,3rd,0.7143,7
princeon,princeton,1.0,7
sacramentocity,sacramento,1.0,7
cammas,camas,1.0,7
richhmond,richmond,1.0,7
chattaanooga,chattanooga,0.8571,7
fllagstaff,flagstaff,1.0,7
hendresonville,hendersonville,1.0,7
hagerston,hagerstown,1.0,7
wilemtte,il,0.7143,7
leannder,leander,1.0,7
sotuh,south,0.7143,7
garnts,grants,1.0,7
grapevvine,grapevine,1.0,7
phoenixt,phoenix,1.0,7
strset,street,1.0,7
amaillo,amarillo,1.0,7
litlte,little,1.0,7
beleville,belleville,1.0,7
farfax,fairfax,1.0,7
broonx,bronx,1.0,7
clayto,clayton,1.0,7
clinnton,clinton,1.0,7
178nd,178th,1.0,7
averue,avenue,1.0,7
hslet,haslet,1.0,7
vlil,vill,1.0,7
blilings,billings,1.0,7
lnicoln,lincoln,1.0,7
valpariso,valparaiso,1.0,7
perecity,of,1.0,7
nashvill,nashville,1.0,7
herrmitage,nashville,1.0,7
fiarfield,fairfield,1.0,7
mercde,merced,1.0,7
wythville,va,0.8571,7
pasadea,pasadena,1.0,7
kernersvilel,kernersville,0.8571,7
milfod,milford,1.0,7
wilmignton,wilmington,1.0,7
142rd,142nd,1.0,7
175st,175th,1.0,7
carvre,carver,1.0,7
williamsurg,city,1.0,7
flodr,floor,1.0,7
welsl,wells,1.0,7
akroon,akron,0.8571,7
pgot,plot,0.7143,7
coutny,county,1.0,7
doir,plot,0.5714,7
edford,bedford,1.0,7
rokwall,rockwall,1.0,7
floir,floor,1.0,7
berardino,bernardino,1.0,7
victorvillle,victorville,1.0,7
monrooe,monroe,0.8571,7
portercdp,porter,1.0,7
shlton,shelton,0.7143,7
peaboy,peabody,1.0,7
fultonc,fulton,0.7143,7
cheterfield,mo,0.8571,7
avence,avenue,1.0,7
lewisston,lewiston,1.0,7
scehnectady,schenectady,0.8571,7
chatnilly,fairfax,1.0,7
waauconda,wauconda,1.0,7
midvael,midvale,1.0,7
157rd,157th,1.0,7
183st,183rd,1.0,7
unoin,union,0.8571,7
hazardville,enfield,1.0,7
fayettteville,fayetteville,1.0,7
buurlington,burlington,1.0,7
faayetteville,fayetteville,1.0,7
dstrict,district,1.0,7
engewood,unit,0.5714,7
sprinngfield,springfield,1.0,7
sacrammento,sacramento,1.0,7
waterlo,waterloo,1.0,7
mortn,morton,1.0,7
saintpaul,woodbury,0.5714,7
250nd,250th,1.0,7
118rd,118th,1.0,7
georeg,george,1.0,7
missouric,missouri,1.0,7
farborn,oh,0.8571,7
heendersonville,hendersonville,1.0,7
ocrhard,orchard,0.8571,7
cucamoonga,cucamonga,1.0,7
eugenet,eugene,1.0,7
hendersovnille,hendersonville,1.0,7
chinno,chino,1.0,7
randallstwon,randallstown,1.0,7
oshosh,of,1.0,7
lottsburg,northumberland,1.0,7
marlboroough,marlborough,1.0,7
cosrt,court,1.0,7
crmel,carmel,0.8571,7
buckee,buckeye,1.0,7
ilsip,islip,1.0,7
aleaxnder,alexander,0.8571,7
drhve,drive,1.0,7
colmubus,columbus,1.0,7
sevirville,sevierville,1.0,7
florissnat,florissant,0.8571,7
chhesapeake,city,1.0,7
spokan,spokane,1.0,7
mansfeild,mansfield,1.0,7
162rd,162nd,1.0,7
roge,rouge,1.0,7
berrnardino,bernardino,1.0,7
fayettevillec,fayetteville,1.0,7
flror,floor,1.0,7
marlboor,marlboro,1.0,7
charlottesille,albemarle,0.7143,7
212d,212,1.0,7
sufffolk,city,1.0,7
bentoville,bentonville,1.0,7
cnton,canton,1.0,7
maarion,marion,0.7143,7
lnog,long,1.0,7
123th,123rd,1.0,7
goversville,ny,0.7143,7
jueau,juneau,1.0,7
efrry,beach,0.5714,7
garnbury,granbury,1.0,7
jneau,borough,1.0,7
victrville,victorville,1.0,7
cannton,canton,0.8571,7
ftoor,floor,1.0,7
morrisvillet,morrisville,0.8571,7
lumbreton,lumberton,1.0,7
varia,varina,1.0,7
katty,katy,1.0,7
ccreek,creek,0.8571,7
clarksvillle,clarksville,1.0,7
celiina,celina,1.0,7
klso,kelso,1.0,7
airry,airy,1.0,7
deiv,devi,1.0,7
viena,vienna,0.7143,7
denvr,denver,1.0,7
angletoon,angleton,1.0,7
rocvkille,rockville,1.0,7
cehlmsford,chelmsford,1.0,7
winsto,winston,0.8571,7
yrokville,yorkville,0.7143,7
dudnalk,dundalk,1.0,7
leominstr,leominster,1.0,7
anola,ny,0.7143,7
silvr,silver,0.7143,7
tusla,tulsa,1.0,7
proov,provo,1.0,7
woodbriidge,prince,1.0,7
soiux,sioux,1.0,7
appletton,of,1.0,7
ldne,lane,1.0,7
yakmia,yakima,1.0,7
148st,148th,1.0,7
kinggs,kings,0.8571,7
youngstwn,youngstown,1.0,7
annapois,annapolis,1.0,7
crssville,crossville,0.7143,7
callao,county,1.0,7
drioe,drive,1.0,7
marlorough,marlborough,1.0,7
oarnge,orange,1.0,7
belleille,belleville,1.0,7
loraain,lorain,1.0,7
rarbombay,maharashtra,0.7143,7
minneapollis,mn,0.7143,7
portlandd,portland,1.0,7
fltt,flat,1.0,7
200nd,200th,1.0,7
creeek,creek,0.8571,7
kiingwood,kingwood,1.0,7
collgee,college,0.8571,7
cantton,canton,1.0,7
fonatna,fontana,1.0,7
johnsno,johnson,0.7143,7
ossinig,ossining,1.0,7
aluquerque,albuquerque,1.0,7
drgve,drive,1.0,7
pluaski,pulaski,0.5714,7
baanos,banos,1.0,7
atalnta,atlanta,1.0,7
lelandd,nc,0.8571,7
162th,162nd,1.0,7
kannsas,kansas,0.8571,7
daphhne,daphne,1.0,7
croossville,crossville,1.0,7
annistn,anniston,0.7143,7
alenue,avenue,1.0,7
rvere,revere,1.0,7
amristar,punjab,1.0,7
glendael,az,0.5714,7
aurra,aurora,1.0,7
dectur,decatur,1.0,7
geenville,greenville,1.0,7
saintj,john,0.5714,7
mockvsille,mocksville,1.0,7
albuquerquue,albuquerque,1.0,7
awyne,wayne,1.0,7
kalspell,kalispell,1.0,7
folsm,folsom,1.0,7
laveeen,phoenix,0.8571,7
evansille,evansville,1.0,7
merrilville,merrillville,1.0,7
concrod,concord,1.0,7
123nd,123rd,1.0,7
littletn,caryl,0.8571,7
bevery,beverly,1.0,7
marshield,of,0.8571,7
qincy,quincy,1.0,7
esttae,estate,0.8571,7
mansasas,prince,1.0,7
pitttsburg,pittsburg,1.0,7
waarren,warren,1.0,7
straet,street,1.0,7
drihe,drive,1.0,7
lverpool,ny,0.7143,7
dothhan,dothan,0.7143,7
miot,minot,1.0,7
cookeeville,cookeville,0.8571,7
toleo,toledo,1.0,7
linccoln,lincoln,1.0,7
chespaeake,chesapeake,1.0,7
ncaogdoches,nacogdoches,1.0,7
albuqueque,albuquerque,1.0,7
elllensburg,ellensburg,1.0,7
fredreick,frederick,1.0,7
markte,market,1.0,7
evertt,everett,1.0,7
spoane,spokane,1.0,7
kokmo,kokomo,1.0,7
lynchubrg,lynchburg,1.0,7
ogde,west,0.5714,7
moble,mobile,1.0,7
chesetr,chesterfield,0.7143,7
brihan,maharashtra,0.7143,7
bownsville,brownsville,0.7143,7
onatrio,ontario,1.0,7
chaham,chatham,1.0,7
186st,186th,1.0,7
dixno,dixon,1.0,7
cehster,chesterfield,0.5714,7
verrnon,vernon,1.0,7
duhram,durham,1.0,7
lubbocck,lubbock,1.0,7
olmpia,wa,0.8571,7
brrownsville,brownsville,1.0,7
wichitta,fl,1.0,7
richardosn,richardson,1.0,7
florisant,florissant,1.0,7
hlils,hills,0.5714,7
fairmmont,fairmont,1.0,7
garenr,garner,1.0,7
330st,330th,1.0,7
lbne,lane,0.8571,7
jamaicap,boston,1.0,7
brihton,boston,1.0,7
whitinsville,northbridge,1.0,7
ihll,hill,0.8571,7
fayetetville,fayetteville,1.0,7
buildign,building,1.0,7
islaand,island,0.7143,7
quicny,quincy,1.0,7
cookeviille,cookeville,0.7143,7
crowlley,crowley,1.0,7
sallt,salt,1.0,7
bentonille,bentonville,0.7143,7
reedmond,redmond,1.0,7
koxville,knoxville,0.8571,7
westerviille,columbus,0.5714,7
huntsviille,huntsville,1.0,7
cincinnai,cincinnati,1.0,7
toooele,tooele,1.0,7
burlnigton,burlington,1.0,7
irivng,irving,1.0,7
firsco,frisco,1.0,7
lansadle,township,1.0,7
126st,126th,1.0,7
mpale,maple,1.0,7
hixsonn,chattanooga,1.0,7
duluuth,duluth,1.0,7
cyress,cypress,1.0,7
albquuerque,albuquerque,1.0,7
pplain,boston,0.8571,7
hyttsville,hyattsville,1.0,7
franksville,village,1.0,7
caiz,cadiz,0.8571,7
strhet,street,1.0,7
banogr,bangor,1.0,7
norfollk,city,1.0,7
siouxf,sioux,1.0,7
barringon,barrington,0.8571,7
foslom,folsom,1.0,7
127nd,127th,1.0,7
lowlel,lowell,1.0,7
haverhll,haverhill,1.0,7
nortport,northport,1.0,7
oregoon,oregon,0.7143,7
242th,242nd,1.0,7
176st,176th,1.0,7
willliamsburg,county,1.0,7
crset,crest,1.0,7
dapphne,daphne,1.0,7
siooux,sioux,1.0,7
tooelle,tooele,1.0,7
victorvlle,victorville,1.0,7
virgiinia,city,1.0,7
scotttsdale,scottsdale,1.0,7
nwert,van,1.0,7
copperaas,copperas,1.0,7
wililamsburg,city,0.5714,7
mnroe,monroe,0.8571,7
gcdp,irving,0.5714,7
westt,boston,0.5714,7
brooklne,brookline,0.8571,7
meaadows,meadows,1.0,7
wnidsor,windsor,1.0,7
158rd,158th,1.0,7
schenectaddy,ny,0.5714,7
pearlnad,pearland,1.0,7
setvens,stevens,1.0,7
lubbbock,lubbock,1.0,7
alammogordo,alamogordo,1.0,7
hagerrstown,hagerstown,0.8571,7
anokka,ramsey,0.5714,7
littlle,little,1.0,7
colummbia,columbia,1.0,7
osweggo,oswego,0.5714,7
grahham,graham,1.0,7
blythevville,blytheville,1.0,7
strfet,street,1.0,7
magnoia,magnolia,1.0,7
martnsville,county,0.8571,7
missin,mission,1.0,7
oluis,louis,0.8571,7
andovre,andover,1.0,7
strest,street,1.0,7
avondael,avondale,1.0,7
batyown,baytown,1.0,7
mechhanicsburg,township,1.0,7
stougton,stoughton,1.0,7
wtasonville,watsonville,1.0,7
terrrell,terrell,1.0,7
ontari,ontario,1.0,7
haampton,hampton,1.0,7
grpevine,grapevine,1.0,7
151nd,151st,1.0,7
kaansas,kansas,1.0,7
washinggton,washington,1.0,7
fgoor,floor,1.0,7
whheaton,wheaton,0.8571,7
toothukudi,tamil,1.0,7
wxahachie,waxahachie,1.0,7
sanfrod,sanford,1.0,7
wastonville,watsonville,0.7143,7
westifeld,westfield,1.0,7
westfiled,westfield,1.0,7
poewll,powell,1.0,7
michigancity,city,1.0,7
hamptno,hampton,1.0,7
chatanooga,chattanooga,1.0,7
thomasvile,thomasville,1.0,7
hllsborough,hillsborough,1.0,7
yonkes,yonkers,1.0,7
olympai,wa,0.8571,7
hermistton,hermiston,1.0,7
bolingborok,bolingbrook,1.0,7
wallingfoord,wallingford,1.0,7
galvston,galveston,1.0,7
croning,corning,0.7143,7
prosepct,prospect,0.8571,7
136st,136th,1.0,7
veinna,fairfax,0.8571,7
georggetown,georgetown,1.0,7
ronoke,roanoke,1.0,7
merrilllville,merrillville,1.0,7
chsapeake,chesapeake,1.0,7
poitn,point,0.8571,7
duluht,duluth,1.0,7
elzabeth,elizabeth,1.0,7
noia,noida,0.8571,7
pakville,parkville,1.0,7
bston,boston,1.0,7
ridgefielld,ridgefield,1.0,7
sandusy,sandusky,1.0,7
draepr,co,0.7143,7
ddeville,dadeville,1.0,7
atmumbai,maharashtra,0.5714,7
appelton,of,1.0,7
chillicoothe,chillicothe,1.0,7
boroklyn,brooklyn,1.0,7
aleexandria,va,0.5714,7
folrissant,florissant,1.0,7
beavre,beaver,1.0,7
bozeamn,bozeman,1.0,7
georgetoown,georgetown,1.0,7
midlohian,chesterfield,1.0,7
jacskon,jackson,1.0,7
blmont,belmont,1.0,7
hollly,holly,1.0,7
motgomery,montgomery,1.0,7
bellingam,bellingham,1.0,7
195nd,195th,1.0,7
169st,169th,1.0,7
lafaayette,lafayette,1.0,7
pitoragarh,maharashtra,0.7143,7
161nd,161st,1.0,7
gasonia,gastonia,1.0,7
154nd,154th,1.0,7
mdford,medford,1.0,7
frankfrt,frankfort,0.7143,7
dllas,unit,0.5714,7
midletown,middletown,0.8571,7
coway,conway,1.0,7
tifin,tiffin,1.0,7
oxofrd,oxford,0.8571,7
madisoncity,huntsville,0.8571,7
wooburn,woburn,1.0,7
paadena,pasadena,1.0,7
sanyd,sandy,1.0,7
carmmel,carmel,0.8571,7
enddicott,union,0.7143,7
nwes,news,1.0,7
roky,rocky,0.8571,7
indpeendence,independence,1.0,7
concod,concord,1.0,7
gadden,gadsden,1.0,7
blacksbuurg,blacksburg,0.7143,7
190rd,190th,1.0,7
blfuf,bluff,1.0,7
tacomac,tacoma,1.0,7
soux,sioux,1.0,7
wenatchhee,wenatchee,1.0,7
beern,bern,1.0,7
gallt,galt,1.0,7
mroris,morris,1.0,7
emproia,emporia,1.0,7
brimingham,birmingham,0.8571,7
ganite,granite,1.0,7
viirginia,city,1.0,7
waterown,street,0.7143,7
reistesrtown,reisterstown,1.0,7
sidneey,sidney,1.0,7
grham,graham,1.0,7
danvilel,danville,0.7143,7
flagtsaff,flagstaff,1.0,7
164rd,164th,1.0,7
forne,forney,1.0,7
watelroo,waterloo,1.0,7
knightadle,knightdale,1.0,7
wilmiington,wilmington,1.0,7
rapidds,rapids,0.8571,7
springfiel,springfield,1.0,7
harobr,harbor,0.7143,7
altmar,ny,0.7143,7
roanokke,roanoke,1.0,7
dams,ny,0.5714,7
ancorage,anchorage,1.0,7
gesham,gresham,1.0,7
louon,loudon,1.0,7
magnoolia,magnolia,1.0,7
nacoogdoches,nacogdoches,1.0,7
chalrottesville,va,0.7143,7
fsat,flat,1.0,7
dubllin,dublin,1.0,7
ludon,loudon,1.0,7
lawrnce,lawrence,1.0,7
asheeville,asheville,1.0,7
proter,porter,1.0,7
rohsaron,rosharon,1.0,7
alexnadria,alexandria,0.8571,7
brownsviille,brownsville,1.0,7
richmodn,county,0.8571,7
rento,renton,1.0,7
191nd,191st,1.0,7
atleboro,attleboro,1.0,7
omahacity,omaha,0.8571,7
jackon,jackson,1.0,7
nowalk,norwalk,1.0,7
atens,athens,1.0,7
164nd,164th,1.0,7
kenosah,wi,1.0,7
dxon,dixon,1.0,7
hmapton,hampton,0.8571,7
nantucekt,nantucket,1.0,7
fisco,frisco,1.0,7
woobdridge,prince,1.0,7
thid,3rd,0.5714,7
pkie,pike,1.0,7
presctt,prescott,1.0,7
wayen,wayne,1.0,7
lancaaster,lancaster,1.0,7
kaispell,kalispell,1.0,7
strlet,street,1.0,7
crossille,crossville,1.0,7
manasas,va,0.7143,7
slreet,street,1.0,7
daive,drive,1.0,7
hamilon,hamilton,1.0,7
chseapeake,chesapeake,1.0,7
320nd,320th,1.0,7
mkcinney,mckinney,1.0,7
evaansville,in,0.7143,7
ammbler,township,1.0,7
hcikory,hickory,0.7143,7
petersurg,county,0.7143,7
dlive,drive,1.0,7
164st,164th,1.0,7
mogantown,morgantown,1.0,7
kookmo,kokomo,0.8571,7
applle,apple,1.0,7
yshore,islip,1.0,7
avlley,valley,1.0,7
doado,dorado,1.0,7
pnod,pond,0.8571,7
beerly,beverly,1.0,7
caambridge,cambridge,1.0,7
romeoivlle,romeoville,1.0,7
morisville,morrisville,0.8571,7
wavelry,waverly,0.8571,7
beverl,beverly,1.0,7
pittbsurg,pittsburg,1.0,7
santta,santa,1.0,7
thmas,thomas,1.0,7
dribe,drive,1.0,7
elmwodo,elmwood,1.0,6
millignton,tn,0.8333,6
nayck,nyack,0.8333,6
graite,granite,1.0,6
neada,nevada,1.0,6
260nd,260th,1.0,6
alin,alvin,1.0,6
faairborn,fairborn,1.0,6
jeffersoncity,jefferson,1.0,6
152st,152nd,1.0,6
freont,fremont,1.0,6
mambalaam,tamil,0.6667,6
greennsboro,greensboro,0.8333,6
saop,shop,0.8333,6
utcia,utica,1.0,6
quinncy,quincy,0.8333,6
231rd,231st,1.0,6
croam,brookhaven,1.0,6
spoknae,spokane,1.0,6
ronkonnkoma,brookhaven,0.8333,6
greenblet,greenbelt,0.8333,6
highalnds,highlands,1.0,6
eerett,everett,0.8333,6
redmnd,redmond,1.0,6
rockkville,rockville,0.5,6
rockignham,rockingham,1.0,6
lockpoort,lockport,0.8333,6
bennd,bend,0.8333,6
brok,brook,0.6667,6
orane,orange,1.0,6
181th,181st,1.0,6
raefor,raeford,1.0,6
andver,andover,1.0,6
wchita,fl,0.8333,6
toball,tomball,1.0,6
lttleton,ranch,0.5,6
execlsior,shorewood,0.5,6
readding,reading,1.0,6
preescott,prescott,1.0,6
oxfodr,oxford,1.0,6
jamestoown,tn,0.5,6
420c,420,1.0,6
athenns,athens,1.0,6
elmhursst,elmhurst,1.0,6
fitchurg,fitchburg,1.0,6
cantilly,loudoun,1.0,6
cinicnnati,cincinnati,1.0,6
beelleville,belleville,1.0,6
atttleboro,attleboro,0.5,6
gaithesburg,gaithersburg,1.0,6
hrmitage,nashville,1.0,6
tombll,tomball,1.0,6
sunc,sun,1.0,6
dallsa,branch,0.8333,6
lhne,lane,1.0,6
minnepolis,rapids,0.5,6
islland,island,1.0,6
southamptton,southampton,1.0,6
924a,924,1.0,6
bilerica,billerica,1.0,6
1100d,1100,1.0,6
alrington,arlington,0.6667,6
freederick,frederick,1.0,6
jordaan,jordan,1.0,6
jckson,jackson,1.0,6
fayetteivlle,fayetteville,1.0,6
miidlothian,midlothian,1.0,6
gadsdn,gadsden,1.0,6
129rd,129th,1.0,6
bristoll,bristol,1.0,6
seop,shop,1.0,6
chesapeeake,chesapeake,1.0,6
brnsville,burnsville,1.0,6
atenue,avenue,1.0,6
canyno,canyon,1.0,6
yoork,york,0.8333,6
brownsille,brownsville,1.0,6
medinna,city,0.6667,6
schaumubrg,schaumburg,1.0,6
gerenville,greenville,1.0,6
miltton,milton,1.0,6
marsville,marysville,1.0,6
asheborro,asheboro,1.0,6
weatherfrod,weatherford,1.0,6
racho,rancho,1.0,6
apche,apache,1.0,6
hravest,harvest,0.8333,6
183nd,183rd,1.0,6
minneaapolis,mn,0.6667,6
vcitoria,victoria,1.0,6
tempee,tempe,1.0,6
liebrty,liberty,1.0,6
upand,upland,1.0,6
mcity,md,0.5,6
bolevard,boulevard,1.0,6
dewittville,chautauqua,1.0,6
shhelbyville,shelbyville,1.0,6
knoxvlile,knoxville,1.0,6
rosinton,robertsdale,1.0,6
pkein,pekin,0.6667,6
sprakers,root,0.8333,6
bourneville,bainbridge,0.5,6
palestne,palestine,1.0,6
aubuurn,auburn,1.0,6
mimai,miami,1.0,6
louisvillec,louisville,0.6667,6
owensboo,owensboro,1.0,6
cuddebackville,deerpark,1.0,6
lcne,lane,0.8333,6
thudiyaloor,tamil,0.5,6
stamofrd,stamford,1.0,6
sdop,shop,1.0,6
dreve,drive,1.0,6
cleeveland,cleveland,1.0,6
aeenue,avenue,1.0,6
faoor,floor,1.0,6
cucamona,cucamonga,1.0,6
lnie,line,1.0,6
cyypress,cypress,1.0,6
1500d,1500,1.0,6
wterloo,waterloo,1.0,6
colliervile,collierville,1.0,6
tuscloosa,tuscaloosa,1.0,6
mreced,merced,1.0,6
lbeanon,lebanon,1.0,6
brnetwood,tn,0.5,6
shllotte,shallotte,1.0,6
drice,drive,1.0,6
morrisviille,unit,0.8333,6
rogersvile,rogersville,1.0,6
lxington,lexington,0.8333,6
mufrreesboro,murfreesboro,1.0,6
desm,des,1.0,6
flsor,floor,1.0,6
thoamsville,thomasville,1.0,6
springddale,ar,0.6667,6
rpairie,of,1.0,6
peoriia,peoria,1.0,6
crning,corning,0.8333,6
drife,drive,1.0,6
cropseyville,grafton,1.0,6
ddor,plot,0.5,6
97nd,97th,1.0,6
136nd,136th,1.0,6
knt,kent,0.6667,6
norrmal,normal,1.0,6
plainfieeld,plainfield,1.0,6
350st,350th,1.0,6
flaor,floor,1.0,6
rocy,rocky,1.0,6
anteloe,antelope,1.0,6
edmnd,edmond,1.0,6
foat,flat,1.0,6
indainapolis,indianapolis,1.0,6
baltimre,baltimore,1.0,6
glt,galt,1.0,6
jamacia,jamaica,1.0,6
massilln,massillon,1.0,6
strget,street,1.0,6
greenbsoro,greensboro,1.0,6
birmigham,al,0.8333,6
beaverotn,beaverton,1.0,6
924c,924,1.0,6
bernardinno,bernardino,1.0,6
156rd,156th,1.0,6
besur,maharashtra,0.8333,6
oppelika,opelika,0.8333,6
senecca,seneca,1.0,6
babrpur,delhi,0.8333,6
wilis,willis,1.0,6
brisstol,bristol,1.0,6
poomac,potomac,1.0,6
parkersbugr,parkersburg,1.0,6
morgantwn,morgantown,0.8333,6
oympia,olympia,0.8333,6
quiincy,quincy,1.0,6
eatson,easton,1.0,6
karjath,maharashtra,0.8333,6
fdat,flat,1.0,6
coloardo,colorado,1.0,6
nnuet,clarkstown,1.0,6
wichitaa,wichita,1.0,6
knet,kent,0.8333,6
striet,street,1.0,6
narrowsburg,tusten,0.8333,6
221rd,221st,1.0,6
lafyaette,lafayette,0.5,6
jhnson,johnson,1.0,6
rehobtoh,rehoboth,0.8333,6
280st,280th,1.0,6
jnuction,junction,0.8333,6
helean,helena,1.0,6
chesaapeake,chesapeake,1.0,6
154st,154th,1.0,6
prvoo,provo,1.0,6
kernervsille,kernersville,0.8333,6
framinghaam,framingham,1.0,6
prinecton,princeton,1.0,6
oklahoa,ok,0.6667,6
llno,llano,1.0,6
184nd,184th,1.0,6
minneaplois,mn,0.6667,6
grovecdp,grove,1.0,6
halesite,huntington,1.0,6
sugarl,land,1.0,6
littletoon,ranch,0.8333,6
zionsviille,zionsville,1.0,6
grahamsville,ny,0.6667,6
virginnia,va,0.5,6
feoor,floor,1.0,6
logna,logan,1.0,6
westminsetr,westminster,1.0,6
rrancho,rancho,1.0,6
blnck,block,0.5,6
augsta,augusta,0.8333,6
deive,drive,1.0,6
farrmington,me,0.5,6
wooside,woodside,1.0,6
poulntey,poultney,1.0,6
fontaana,fontana,1.0,6
nauagtuck,naugatuck,1.0,6
152th,152nd,1.0,6
woodnville,woodinville,1.0,6
oxnad,oxnard,1.0,6
msin,main,1.0,6
caamrillo,camarillo,1.0,6
jallandhar,punjab,0.8333,6
wenntzville,wentzville,1.0,6
chandlercity,chandler,1.0,6
hermiage,nashville,1.0,6
coloraado,co,0.5,6
faat,flat,1.0,6
cedarr,cedar,1.0,6
caspe,casper,1.0,6
139nd,139th,1.0,6
bristlo,bristol,0.8333,6
mentro,mentor,0.8333,6
guree,gurnee,1.0,6
cohwk,chowk,1.0,6
knoxvillee,tn,1.0,6
moontgomery,montgomery,1.0,6
graniite,granite,1.0,6
fairfild,fairfield,0.8333,6
gerenwood,greenwood,0.8333,6
monreo,monroe,1.0,6
bartsow,barstow,1.0,6
gasotnia,gastonia,1.0,6
uplnd,upland,1.0,6
nicholasvlle,nicholasville,0.5,6
knx,knox,1.0,6
elkhar,elkhart,1.0,6
wliliams,williams,1.0,6
hartofrd,hartford,1.0,6
oxnadr,oxnard,1.0,6
allton,alton,1.0,6
hubet,hubert,1.0,6
billlings,billings,1.0,6
steveens,of,1.0,6
fb3,f2,0.5,6
lockprt,lockport,0.6667,6
beford,bedford,1.0,6
akrron,akron,1.0,6
vacavilel,vacaville,1.0,6
saalt,ut,0.5,6
chessapeake,chesapeake,1.0,6
houme,house,1.0,6
seaord,seaford,0.8333,6
245nd,245th,1.0,6
halfiax,halifax,1.0,6
syyracuse,ny,0.5,6
loouis,louis,0.8333,6
mayrville,maryville,1.0,6
kylle,kyle,1.0,6
bybeee,newport,0.6667,6
menttor,oh,0.6667,6
buildnig,building,1.0,6
watrtown,watertown,1.0,6
shde,shed,0.8333,6
roanoe,roanoke,1.0,6
115st,115th,1.0,6
delaaware,delaware,1.0,6
forestt,forest,1.0,6
182st,182nd,1.0,6
148rd,148th,1.0,6
elizabethcity,elizabeth,1.0,6
driee,drive,1.0,6
southdumdum,bengal,1.0,6
gelnn,glenn,1.0,6
winstno,winston,1.0,6
tonaawnda,tonawanda,1.0,6
rentno,renton,0.8333,6
winstonsalem,winston,0.8333,6
chellsea,chelsea,1.0,6
evreett,everett,1.0,6
peelham,pelham,0.8333,6
mrray,murray,1.0,6
frankllin,franklin,0.5,6
britsol,bristol,1.0,6
rockfoord,rockford,1.0,6
virginiia,city,1.0,6
parkersbrg,parkersburg,1.0,6
walingford,wallingford,1.0,6
chapeel,chapel,0.8333,6
avbnue,avenue,1.0,6
billiings,billings,1.0,6
rdelands,redlands,1.0,6
housesprings,house,1.0,6
satten,staten,1.0,6
junctioon,junction,0.6667,6
stillwtaer,stillwater,1.0,6
clarkville,clarksville,1.0,6
oruge,rouge,0.8333,6
tazewelll,tazewell,1.0,6
arkon,oh,1.0,6
clintn,clinton,1.0,6
methen,methuen,1.0,6
pelhm,pelham,1.0,6
bowlingg,bowling,0.8333,6
slaina,salina,1.0,6
hendrsonville,hendersonville,1.0,6
schoield,of,1.0,6
ntick,natick,1.0,6
apso,paso,0.8333,6
avmnue,avenue,1.0,6
drime,drive,1.0,6
wbedford,bedford,1.0,6
midlothan,chesterfield,0.8333,6
nrwalk,norwalk,1.0,6
neark,newark,1.0,6
libetry,liberty,1.0,6
sacramentto,sacramento,1.0,6
daallas,dallas,0.5,6
oklahma,midwest,1.0,6
frrisco,frisco,1.0,6
secnod,second,0.5,6
farnklin,franklin,1.0,6
comack,ny,0.6667,6
marshalll,marshall,0.8333,6
terrae,terrace,1.0,6
amerian,american,0.5,6
bastorp,tx,1.0,6
beave,of,0.8333,6
carml,carmel,0.5,6
gorgetown,georgetown,1.0,6
167nd,167th,1.0,6
176rd,176th,1.0,6
cambidge,cambridge,1.0,6
meechanicsville,hanover,1.0,6
maryivlle,maryville,1.0,6
spokaane,spokane,1.0,6
159rd,159th,1.0,6
cavalero,stevens,1.0,6
moiines,moines,1.0,6
mcin,main,1.0,6
greeville,greenville,1.0,6
fairpotr,perinton,0.6667,6
vaacville,vacaville,1.0,6
spirngdale,springdale,1.0,6
chesapeae,chesapeake,1.0,6
ashbuurn,county,1.0,6
avelue,avenue,1.0,6
ballsston,ny,0.6667,6
seymoour,seymour,1.0,6
196st,196th,1.0,6
flht,flat,1.0,6
worcesetr,worcester,1.0,6
burlignton,burlington,1.0,6
admas,adams,1.0,6
deccatur,decatur,1.0,6
aleaxndria,city,1.0,6
147rd,147th,1.0,6
brlington,burlington,1.0,6
auora,aurora,0.6667,6
sottsdale,scottsdale,0.6667,6
240nd,240th,1.0,6
billinsg,billings,1.0,6
sierraa,sierra,1.0,6
roundr,round,1.0,6
laie,lane,0.8333,6
avenre,avenue,1.0,6
greebelt,greenbelt,1.0,6
emdond,edmond,1.0,6
quinyc,quincy,1.0,6
cincinnat,cincinnati,1.0,6
mathtews,nc,0.5,6
ashevlle,asheville,1.0,6
westminter,westminster,1.0,6
hilsl,hills,1.0,6
draperr,co,1.0,6
caev,phoenix,0.8333,6
havaus,havasu,1.0,6
wasaw,warsaw,0.6667,6
bozean,bozeman,1.0,6
dennsi,dennis,1.0,6
benardino,bernardino,1.0,6
204st,204th,1.0,6
cyperss,cypress,1.0,6
fairfied,fairfield,1.0,6
irdge,ridge,1.0,6
dallaas,dallas,0.6667,6
jacksonvlle,jacksonville,1.0,6
cadyville,plattsburgh,0.5,6
217d,217,1.0,6
yorrk,ny,0.8333,6
129st,129th,1.0,6
maldencdp,malden,1.0,6
kingsston,kingston,0.8333,6
sheltn,shelton,1.0,6
knoxviille,knoxville,1.0,6
loewll,lowell,1.0,6
meilssa,melissa,1.0,6
134st,134th,1.0,6
fldt,flat,1.0,6
weavervilel,weaverville,1.0,6
fuuqay,fuquay,0.8333,6
beavertoon,beaverton,0.8333,6
weatherfor,weatherford,1.0,6
yellowhill,cherokee,0.8333,6
hamptead,hampstead,1.0,6
hbuse,house,1.0,6
186nd,186th,1.0,6
lfne,lane,1.0,6
mones,moines,1.0,6
huddson,hudson,1.0,6
brentwoo,tn,0.8333,6
chinoo,chino,1.0,6
valleyc,valley,0.5,6
ellensbug,ellensburg,1.0,6
190nd,190th,1.0,6
akro,akron,1.0,6
irvingcity,tx,1.0,6
sprignboro,springboro,1.0,6
hollad,holland,1.0,6
venntura,ventura,1.0,6
hoopkinton,hopkinton,1.0,6
vancuover,vancouver,1.0,6
spener,spencer,1.0,6
aacortes,anacortes,1.0,6
brisol,bristol,0.8333,6
idependence,independence,1.0,6
finlday,findlay,1.0,6
plyymouth,plymouth,1.0,6
willw,willow,1.0,6
pfluugerville,pflugerville,1.0,6
shres,shores,1.0,6
192rd,192nd,1.0,6
canotn,canton,1.0,6
coonway,conway,1.0,6
greenwodo,greenwood,1.0,6
conro,conroe,1.0,6
grovecity,grove,1.0,6
172rd,172nd,1.0,6
rochhester,ny,0.8333,6
bdeford,bedford,1.0,6
avedue,avenue,1.0,6
lombrd,lombard,0.8333,6
hrarison,harrison,1.0,6
froest,forest,1.0,6
119rd,119th,1.0,6
tbolivar,bolivar,1.0,6
mahnattan,manhattan,1.0,6
wincester,winchester,0.6667,6
ppass,or,1.0,6
centrveille,fairfax,1.0,6
ashlan,road,0.5,6
westmnster,westminster,1.0,6
conay,conway,1.0,6
oswgo,oswego,0.8333,6
kanapolis,kannapolis,1.0,6
ashatbula,ashtabula,1.0,6
highlaand,highland,1.0,6
medfrod,medford,1.0,6
nottinham,nottingham,1.0,6
dandidge,dandridge,1.0,6
highwya,highway,1.0,6
rogerssville,rogersville,1.0,6
bedforrd,bedford,1.0,6
maden,malden,1.0,6
schenetcady,schenectady,0.8333,6
noroton,darien,1.0,6
houfe,house,1.0,6
centrla,ny,0.6667,6
ithacca,ny,0.8333,6
texaarkana,texarkana,1.0,6
reidville,reidsville,1.0,6
chestrefield,chesterfield,1.0,6
texakrana,texarkana,1.0,6
waltahm,waltham,1.0,6
winddsor,windsor,1.0,6
vlparaiso,valparaiso,1.0,6
survye,survey,1.0,6
bangaolre,bangalore,0.8333,6
oas,oaks,1.0,6
covingotn,ludlow,0.6667,6
beriln,berlin,1.0,6
sisers,sisters,0.6667,6
dnver,denver,0.8333,6
penfiel,penfield,1.0,6
simth,smith,1.0,6
maadison,madison,0.6667,6
ssreet,street,1.0,6
dundahaira,gurgaon,0.8333,6
milfoord,milford,1.0,6
kiingston,kingston,1.0,6
arlingtno,arlington,1.0,6
dotahn,dothan,1.0,6
iving,irving,0.8333,6
foruth,street,0.5,6
gloucster,gloucester,1.0,6
taocma,tacoma,1.0,6
pinee,pine,1.0,6
glendalle,glendale,0.6667,6
montgomry,montgomery,1.0,6
grrove,grove,1.0,6
wilminggton,wilmington,1.0,6
shetlon,shelton,0.8333,6
mckinnye,mckinney,1.0,6
moinees,moines,1.0,6
kujn,kunj,0.8333,6
williamsubrg,williamsburg,1.0,6
moraiva,ny,0.8333,6
meford,medford,1.0,6
ruidooso,ruidoso,1.0,6
haysvile,haysville,1.0,6
lindenhurstcity,lindenhurst,0.8333,6
sallissaw,sallisaw,1.0,6
medfford,medford,1.0,6
botheell,bothell,1.0,6
webter,webster,1.0,6
117st,117th,1.0,6
soddyd,soddy,1.0,6
mesquitecity,mesquite,1.0,6
1217a,1217,1.0,6
danves,danvers,1.0,6
pikveille,pikeville,1.0,6
124rd,124th,1.0,6
aisy,soddy,1.0,6
4444c,4444,1.0,6
charlottec,charlotte,1.0,6
puoghkeepsie,ny,0.8333,6
hendersonvill,hendersonville,1.0,6
sopkane,spokane,1.0,6
dride,drive,1.0,6
syrna,smyrna,1.0,6
fredeericksburg,spotsylvania,1.0,6
fayettevillle,fayetteville,1.0,6
suset,sunset,1.0,6
graande,grande,0.8333,6
laee,lane,0.8333,6
211st,211th,1.0,6
elizaethton,elizabethton,1.0,6
clintonc,clinton,1.0,6
greenssboro,greensboro,1.0,6
knooxville,knoxville,1.0,6
julieet,juliet,0.6667,6
hxison,tn,0.6667,6
broookfield,brookfield,1.0,6
henderosn,henderson,1.0,6
priorr,prior,1.0,6
chimbhali,pune,0.6667,6
croowley,crowley,1.0,6
fiarport,perinton,1.0,6
statesvillec,statesville,1.0,6
redmonnd,redmond,1.0,6
houm,houma,1.0,6
graand,grand,1.0,6
tusccaloosa,tuscaloosa,1.0,6
177rd,177th,1.0,6
potrland,portland,1.0,6
170st,170th,1.0,6
appeton,appleton,1.0,6
sprignfield,springfield,1.0,6
flmor,floor,1.0,6
flnt,flat,1.0,6
mundeleni,mundelein,1.0,6
wentachee,wenatchee,0.8333,6
baazr,bazar,1.0,6
dordao,dorado,1.0,6
pakway,parkway,0.8333,6
vrona,of,1.0,6
murreesboro,murfreesboro,1.0,6
laayton,layton,1.0,6
bisarck,bismarck,1.0,6
cetnral,central,1.0,6
ellictt,ellicott,1.0,6
liby,libby,1.0,6
claton,clayton,1.0,6
powel,powell,1.0,6
ggrande,grande,1.0,6
leanderr,leander,1.0,6
kingsort,kingsport,1.0,6
cvoe,cove,1.0,6
188st,188th,1.0,6
greenbeltt,greenbelt,1.0,6
pittsurg,pittsburg,1.0,6
lynchbug,city,0.5,6
druham,durham,1.0,6
carhage,carthage,1.0,6
171rd,171st,1.0,6
vancovuer,vancouver,1.0,6
88st,88th,1.0,6
arlingotn,arlington,1.0,6
thae,thane,1.0,6
ohpr,maharashtra,0.8333,6
logn,logan,0.6667,6
jenkks,jenks,1.0,6
mentr,oh,0.6667,6
ablertville,mn,0.8333,6
priarie,prairie,1.0,6
pittssford,ny,0.6667,6
stheet,street,1.0,6
valleejo,vallejo,1.0,6
clitnon,clinton,1.0,6
alexanddria,fairfax,1.0,6
huntleey,huntley,1.0,6
325d,325,1.0,6
kingstn,kingston,1.0,5
miltoon,milton,0.8,5
newprt,newport,0.8,5
temppe,az,0.8,5
owensborocity,owensboro,1.0,5
frnakfort,frankfort,1.0,5
wingdale,dover,1.0,5
waukega,waukegan,1.0,5
benon,benton,1.0,5
jackboro,jacksboro,0.8,5
ocaen,ocean,1.0,5
herirn,herrin,1.0,5
frico,frisco,1.0,5
annapollis,annapolis,1.0,5
llilington,lillington,1.0,5
jaemstown,jamestown,0.8,5
habror,harbor,1.0,5
227nd,227th,1.0,5
squrae,square,0.8,5
bostonn,ma,1.0,5
leiecster,leicester,1.0,5
winstn,winston,1.0,5
boliingbrook,bolingbrook,1.0,5
hirl,hill,1.0,5
cuhrch,church,1.0,5
hndo,hondo,1.0,5
158nd,158th,1.0,5
fnat,flat,1.0,5
carlsle,carlisle,0.6,5
viharghaziabad,uttar,0.8,5
larenceburg,lawrenceburg,1.0,5
germntown,germantown,1.0,5
peeoria,peoria,1.0,5
prairrie,prairie,1.0,5
magnoli,magnolia,1.0,5
prospct,prospect,0.8,5
upperr,upper,1.0,5
centerrville,ut,0.6,5
windsro,windsor,0.8,5
elmwoodd,il,0.6,5
worccester,worcester,1.0,5
jaksonville,jacksonville,0.8,5
surpries,surprise,1.0,5
cumbrland,cumberland,0.8,5
simivalley,valley,1.0,5
altooona,altoona,0.8,5
seearcy,searcy,1.0,5
grannd,grand,1.0,5
everettt,everett,1.0,5
biinghamton,binghamton,1.0,5
saten,staten,1.0,5
geensboro,greensboro,1.0,5
vemrilion,vermilion,1.0,5
bssemer,bessemer,0.8,5
tarboo,tarboro,1.0,5
sacamento,sacramento,1.0,5
rocfkord,rockford,1.0,5
rouuge,rouge,1.0,5
rialo,rialto,1.0,5
aveeue,avenue,1.0,5
jordna,jordan,0.8,5
vacville,vacaville,1.0,5
waldorrf,waldorf,1.0,5
medaow,meadow,0.8,5
kannpolis,kannapolis,0.8,5
rapisd,rapids,1.0,5
224st,224th,1.0,5
lubbockk,lubbock,1.0,5
newon,newton,0.6,5
pearlland,pearland,1.0,5
vandaalia,vandalia,1.0,5
wassaic,amenia,0.8,5
malevrn,malvern,1.0,5
crossvlle,crossville,1.0,5
pendleeton,pendleton,0.6,5
mrion,marion,0.8,5
pleasantgrove,grove,1.0,5
csaper,wy,0.8,5
185nd,185th,1.0,5
loowell,lowell,1.0,5
lexnigton,ma,1.0,5
bemerton,bremerton,1.0,5
jakcsonville,jacksonville,1.0,5
fquay,fuquay,1.0,5
ranchocordova,rancho,1.0,5
kufman,kaufman,1.0,5
crossby,crosby,1.0,5
sieerra,sierra,1.0,5
adenue,avenue,1.0,5
bollivia,bolivia,1.0,5
saisbury,salisbury,1.0,5
eansville,evansville,1.0,5
cortand,cortland,0.6,5
salibsury,salisbury,1.0,5
belviere,belvidere,1.0,5
hoew,howe,1.0,5
jeffreson,jefferson,1.0,5
mhaopac,carmel,1.0,5
jonesboo,jonesboro,1.0,5
cordovacity,cordova,1.0,5
313c,313,1.0,5
1137d,1137,1.0,5
frankforrt,frankfort,1.0,5
soerville,somerville,1.0,5
fnotana,fontana,1.0,5
asheille,asheville,1.0,5
gatsonia,gastonia,1.0,5
roseubrg,roseburg,1.0,5
irvving,irving,1.0,5
haymraket,prince,0.8,5
gaithhersburg,gaithersburg,1.0,5
wenatcehe,wenatchee,0.8,5
garedn,garden,1.0,5
cenrtal,central,1.0,5
zanesvilel,zanesville,1.0,5
dorcehster,boston,0.8,5
eugenecity,eugene,1.0,5
apach,apache,1.0,5
anchoraage,anchorage,1.0,5
talyor,taylor,1.0,5
galesubrg,galesburg,1.0,5
madisonn,al,0.8,5
wodo,wood,1.0,5
newurgh,newburgh,1.0,5
rutherforton,rutherfordton,1.0,5
potmoac,potomac,1.0,5
wawick,warwick,1.0,5
12058a,12058,1.0,5
candall,crandall,1.0,5
bidge,bridge,1.0,5
lakwood,lakewood,1.0,5
patchoggue,brookhaven,0.8,5
bixbby,ok,0.8,5
wavverly,waverly,1.0,5
loggan,logan,1.0,5
rouet,route,1.0,5
chandlr,chandler,1.0,5
villaeg,village,1.0,5
oxno,oxon,1.0,5
270rd,270th,1.0,5
biismarck,bismarck,0.8,5
hocse,house,1.0,5
avenbe,avenue,1.0,5
wyand,kerala,0.8,5
canaastota,ny,1.0,5
blaie,blaine,1.0,5
reiddsville,reidsville,1.0,5
napervlle,naperville,1.0,5
207st,207th,1.0,5
lrain,lorain,1.0,5
cmpo,campo,1.0,5
newws,news,1.0,5
napanoch,wawarsing,0.8,5
brenttwood,islip,0.8,5
banch,branch,0.8,5
vicctorville,victorville,1.0,5
815d,815,1.0,5
grrayslake,il,0.6,5
westfeld,westfield,1.0,5
anggleton,angleton,1.0,5
flbor,floor,1.0,5
puyllup,puyallup,1.0,5
lma,lima,0.6,5
monnroe,monroe,0.8,5
bentonvillle,bentonville,1.0,5
wlilow,willow,0.6,5
woodbrigde,prince,1.0,5
ballwwin,ballwin,1.0,5
lidnen,linden,1.0,5
avebue,avenue,1.0,5
walnt,walnut,1.0,5
herrimman,herriman,0.8,5
astroia,astoria,1.0,5
hunitngton,huntington,1.0,5
kign,king,0.8,5
lancaser,lancaster,1.0,5
ktownship,lubbock,0.6,5
montciello,ar,1.0,5
sgreet,street,1.0,5
johnso,city,1.0,5
oseo,mn,1.0,5
shrman,sherman,0.8,5
rialtoc,rialto,1.0,5
rgande,grande,1.0,5
mounain,floyd,0.6,5
graepvine,grapevine,1.0,5
crsse,of,1.0,5
newpoort,newport,0.8,5
wadswroth,wadsworth,0.8,5
clovs,clovis,1.0,5
233th,233rd,1.0,5
johnon,johnson,1.0,5
topekacdp,topeka,1.0,5
broofield,of,1.0,5
bunie,fl,1.0,5
hammondd,hammond,1.0,5
sherood,sherwood,1.0,5
williammsburg,city,0.8,5
xnia,xenia,1.0,5
chicopeee,chicopee,1.0,5
peooria,peoria,0.8,5
mecchanicsburg,upper,1.0,5
hillls,hills,1.0,5
davnport,davenport,1.0,5
ceina,celina,1.0,5
farmiington,farmington,0.8,5
tualatiin,tualatin,1.0,5
yok,york,1.0,5
birminham,al,0.8,5
hoepwell,hopewell,1.0,5
sokane,spokane,1.0,5
aveiue,avenue,1.0,5
schneectady,ny,0.6,5
ashebor,asheboro,1.0,5
madow,meadow,1.0,5
kingsotn,kingston,1.0,5
plainvlle,plainville,1.0,5
ogdne,ut,0.8,5
woodbbridge,prince,1.0,5
wintson,winston,1.0,5
hnuse,house,0.8,5
mannassas,manassas,0.8,5
dorchseter,boston,1.0,5
202st,202nd,1.0,5
207rd,207th,1.0,5
hoube,house,1.0,5
cnaton,canton,1.0,5
puyaallup,puyallup,1.0,5
amarilol,amarillo,1.0,5
hrtford,hartford,1.0,5
ferryc,ferry,0.8,5
elllsworth,trimbelle,0.6,5
plani,street,0.8,5
asbhurn,loudoun,1.0,5
suitalnd,suitland,1.0,5
oliev,olive,1.0,5
duram,durham,1.0,5
greenifeld,greenfield,1.0,5
sarc,madhya,1.0,5
drite,drive,1.0,5
sheltoon,shelton,0.8,5
orhard,orchard,1.0,5
egorge,george,1.0,5
warre,warren,0.6,5
avodale,avondale,1.0,5
millsc,mills,1.0,5
palmra,fluvanna,0.6,5
willwo,willow,1.0,5
riorancho,rio,1.0,5
columbi,columbia,1.0,5
210nd,210th,1.0,5
rengareddy,telangana,0.8,5
409d,409,1.0,5
statne,staten,1.0,5
prairiee,prairie,0.8,5
hutchhinson,hutchinson,1.0,5
seetwater,sweetwater,1.0,5
oswwego,oswego,1.0,5
brigton,unit,1.0,5
nagcr,nagar,1.0,5
219d,219,1.0,5
bohell,mill,0.8,5
frinedswood,friendswood,1.0,5
medfied,medfield,1.0,5
plesaant,pleasant,0.8,5
reldands,redlands,1.0,5
hudsn,hudson,1.0,5
pfugerville,pflugerville,1.0,5
wllow,willow,1.0,5
brazl,brazil,1.0,5
kingpsort,kingsport,1.0,5
knoxvilel,knoxville,1.0,5
cammden,camden,1.0,5
grantie,granite,1.0,5
goodllettsville,goodlettsville,1.0,5
reisdville,reidsville,1.0,5
camen,camden,0.6,5
appl,apple,1.0,5
vaktana,gujarat,0.6,5
189nd,189th,1.0,5
reveer,revere,1.0,5
highlannd,lloyd,0.6,5
birdgeport,bridgeport,1.0,5
lafaytte,lafayette,1.0,5
watagh,hempstead,1.0,5
2303b,2303,1.0,5
albquerque,albuquerque,1.0,5
hederson,henderson,1.0,5
bentno,benton,1.0,5
aurroa,aurora,1.0,5
drcaut,dracut,1.0,5
janesvile,of,1.0,5
rosemmount,rosemount,0.6,5
aizona,az,0.8,5
salemcity,salem,0.8,5
3227d,3227,1.0,5
shakope,shakopee,1.0,5
crossvile,crossville,0.8,5
sadny,sandy,0.6,5
177st,177th,1.0,5
ppaso,paso,1.0,5
albuqueqrue,albuquerque,1.0,5
pendletton,pendleton,1.0,5
sugarr,sugar,1.0,5
harligen,harlingen,1.0,5
watreloo,waterloo,1.0,5
banson,mo,0.8,5
quinlna,tx,0.6,5
bellevlile,belleville,1.0,5
napevrille,naperville,1.0,5
sceond,second,0.8,5
homr,peninsula,1.0,5
leoir,lenoir,1.0,5
nrfolk,norfolk,1.0,5
mnette,minette,1.0,5
mnitowoc,of,1.0,5
rihland,richland,1.0,5
henderon,henderson,1.0,5
msocow,moscow,1.0,5
0010a,10a,1.0,5
gaineville,prince,0.8,5
alexadria,fairfax,0.8,5
mattehws,nc,0.6,5
232th,232nd,1.0,5
valpraiso,valparaiso,1.0,5
indin,indian,1.0,5
cocckeysville,cockeysville,1.0,5
miiddletown,middletown,1.0,5
reohboth,rehoboth,1.0,5
halll,hall,0.6,5
houie,house,1.0,5
chattanoooga,chattanooga,1.0,5
schenetady,ny,0.6,5
grad,grand,0.8,5
moins,moines,1.0,5
baaton,baton,1.0,5
225rd,225th,1.0,5
vernnon,vernon,0.8,5
faiirhope,fairhope,0.8,5
auuburn,auburn,1.0,5
williasburg,city,1.0,5
feryr,ferry,1.0,5
cedarbrug,of,1.0,5
peperell,pepperell,1.0,5
vashid,maharashtra,1.0,5
avtnue,avenue,1.0,5
leavnworth,leavenworth,1.0,5
aex,apex,0.8,5
jefefrsonville,jeffersonville,1.0,5
hmuse,house,1.0,5
williamsbrg,city,1.0,5
hoolly,holly,1.0,5
802d,802,0.8,5
rrock,rock,0.8,5
woodbidge,prince,1.0,5
saprta,sparta,1.0,5
careml,carmel,1.0,5
vitcoria,victoria,1.0,5
jarrrell,jarrell,1.0,5
mugu,hueneme,0.8,5
stoe,stone,1.0,5
cantn,canton,1.0,5
botehll,bothell,0.6,5
clbu,club,1.0,5
gastoni,gastonia,1.0,5
morristwon,morristown,1.0,5
indianapolisc,indianapolis,1.0,5
mornoe,monroe,1.0,5
besnon,benson,1.0,5
fihers,fishers,1.0,5
somervile,somerville,0.6,5
shhp,shop,1.0,5
kernersivlle,kernersville,1.0,5
pitttsford,pittsford,1.0,5
anchorge,anchorage,1.0,5
htuse,house,1.0,5
185rd,185th,1.0,5
pprairie,of,1.0,5
birmingam,birmingham,1.0,5
aaenue,avenue,1.0,5
basseett,va,1.0,5
jonsborough,jonesborough,1.0,5
watterloo,waterloo,1.0,5
trouttman,troutman,1.0,5
brnch,branch,1.0,5
jaamica,boston,0.8,5
kenoosha,of,1.0,5
doraod,dorado,0.8,5
bloomignton,bloomington,1.0,5
rialtocdp,rialto,1.0,5
plymuth,plymouth,1.0,5
hunttley,huntley,1.0,5
nagnr,nagar,0.8,5
islebeach,beach,1.0,5
clod,cloud,0.6,5
avenme,avenue,1.0,5
prrovidence,providence,0.6,5
195st,195th,1.0,5
prsoper,prosper,1.0,5
oakwodo,oakwood,0.8,5
chares,charles,0.8,5
ooaks,oaks,1.0,5
blfck,gujarat,0.6,5
mechanicsvlle,mechanicsville,1.0,5
brvard,brevard,1.0,5
eulcid,euclid,1.0,5
hohewnald,hohenwald,1.0,5
necedh,of,1.0,5
515d,515,1.0,5
leansville,mcleansville,0.6,5
peaobdy,peabody,1.0,5
137rd,137th,1.0,5
willlow,township,1.0,5
fairhoe,fairhope,1.0,5
322rd,322nd,1.0,5
hosreheads,horseheads,1.0,5
415d,415,1.0,5
sheltton,shelton,1.0,5
milord,milford,0.8,5
pathogue,brookhaven,0.8,5
littleon,ranch,0.6,5
slaisbury,salisbury,1.0,5
warasw,warsaw,0.6,5
olyympia,wa,0.8,5
harrionburg,harrisonburg,0.6,5
portre,porter,1.0,5
muskoggee,muskogee,1.0,5
cnyon,canyon,1.0,5
freeeport,freeport,1.0,5
osewgo,oswego,1.0,5
andovr,andover,1.0,5
sneca,seneca,1.0,5
plaiview,plainview,0.6,5
288rd,288th,1.0,5
aienue,avenue,1.0,5
topea,topeka,1.0,5
aseboro,asheboro,1.0,5
rockfford,rockford,1.0,5
eage,eagle,1.0,5
norflok,city,1.0,5
kellre,keller,1.0,5
mountan,mountain,1.0,5
boadway,broadway,1.0,5
acenue,avenue,1.0,5
ocrdova,cordova,1.0,5
hummble,humble,1.0,5
denveer,denver,1.0,5
230st,230th,1.0,5
lockhat,lockhart,1.0,5
smithield,of,0.6,5
framiingham,framingham,0.8,5
jeffrson,jefferson,1.0,5
321rd,321st,1.0,5
mavern,malvern,1.0,5
flotr,floor,1.0,5
liinden,linden,1.0,5
hotse,house,1.0,5
chucrh,church,0.6,5
dundlak,dundalk,0.6,5
maedow,meadow,1.0,5
lubbocktownship,lubbock,1.0,5
ankey,ankeny,1.0,5
aepx,apex,0.6,5
brooklyyn,brooklyn,1.0,5
cuonty,county,1.0,5
broadwya,broadway,1.0,5
browsnville,brownsville,1.0,5
bonneyl,bonney,1.0,5
monticllo,monticello,0.8,5
stratfrod,stratford,1.0,5
242st,242nd,1.0,5
oregoncity,oregon,1.0,5
wakefeild,wakefield,1.0,5
rockvlle,rockville,1.0,5
dublinn,dublin,0.8,5
farminton,farmington,0.6,5
herdnon,herndon,0.6,5
bwoie,bowie,1.0,5
davistton,daviston,1.0,5
avenfe,avenue,1.0,5
201th,201st,1.0,5
harrisonbug,harrisonburg,0.8,5
metuen,methuen,1.0,5
chesttertown,chestertown,1.0,5
mountian,mountain,0.8,5
aartment,apartment,1.0,5
hickry,hickory,0.8,5
elkhatr,elkhart,1.0,5
lafayettte,whitemarsh,0.8,5
inndianapolis,indianapolis,1.0,5
gooshen,goshen,0.8,5
amarrillo,amarillo,1.0,5
barbertn,barberton,1.0,5
shcp,shop,1.0,5
chppewa,of,1.0,5
ior,35304,1.0,5
silevr,silver,1.0,5
hickoory,hickory,1.0,5
prte,porte,1.0,5
huricane,hurricane,1.0,5
brtlett,bartlett,1.0,5
spanissh,spanish,1.0,5
grarettsville,garrettsville,1.0,5
leaavenworth,leavenworth,1.0,5
phililps,phillips,1.0,5
swoope,augusta,1.0,5
revre,revere,0.8,5
baltiimore,baltimore,1.0,5
watetrown,watertown,1.0,5
weserville,westerville,0.6,5
gardendaale,gardendale,1.0,5
weatheford,weatherford,1.0,5
southprot,nc,0.6,5
scottsbluffcdp,scottsbluff,1.0,5
shrewsury,shrewsbury,1.0,5
plymmouth,plymouth,1.0,5
utca,utica,1.0,5
lenior,nc,0.6,5
anticoh,nashville,1.0,5
belmonnt,belmont,0.6,5
greenvlile,greenville,1.0,5
charlestton,charleston,1.0,5
natar,nagar,1.0,5
tollseon,az,0.8,5
snohomiish,snohomish,1.0,5
hampon,hampton,1.0,5
cmurt,court,1.0,5
inve,inver,1.0,5
lcokport,il,1.0,5
advane,advance,0.8,5
elkgrove,grove,1.0,5
dicknison,dickinson,1.0,5
lanettt,lanett,1.0,5
huert,hubert,0.8,5
reynoldssburg,reynoldsburg,0.8,5
waxaachie,waxahachie,1.0,5
anover,andover,1.0,5
janessville,of,1.0,5
mratins,martins,1.0,5
nrofolk,norfolk,1.0,5
milfrod,milford,1.0,5
lnychburg,campbell,0.6,5
frndale,ferndale,1.0,5
piek,pike,1.0,5
mollala,molalla,1.0,5
souhtbridge,southbridge,1.0,5
catosville,catonsville,1.0,5
mesquit,mesquite,1.0,5
hunsville,huntsville,1.0,5
lonon,london,0.8,5
sprrings,springs,1.0,5
guilfoord,guilford,1.0,5
githersburg,gaithersburg,1.0,5
bodela,west,0.8,5
widnsor,windsor,1.0,5
bellveue,bellevue,1.0,5
wetbury,hempstead,0.6,5
reynnoldsburg,reynoldsburg,0.8,5
hutchnson,hutchinson,1.0,5
wiliamsburg,williamsburg,0.6,5
drsve,drive,1.0,5
crwn,crown,0.8,5
feton,fenton,1.0,5
canyn,canyon,1.0,5
oconoowoc,of,1.0,5
ankenny,ankeny,1.0,5
metor,mentor,0.8,5
fisherss,fishers,0.8,5
wilmingtoon,wilmington,1.0,5
shfp,shop,0.8,5
scholo,school,1.0,5
temmpe,tempe,1.0,5
canalw,winchester,1.0,5
dvenport,davenport,1.0,5
avefue,avenue,1.0,5
msoes,moses,1.0,5
dwoners,downers,1.0,5
riveside,riverside,1.0,5
woodbridg,prince,1.0,5
houre,house,1.0,5
athnes,athens,1.0,5
510c,510,1.0,5
cennai,chennai,0.8,5
bakn,bank,1.0,5
andersn,anderson,0.8,5
fankfort,frankfort,0.8,5
eveett,everett,1.0,5
endi,enid,1.0,5
ebnd,bend,1.0,5
gillete,gillette,1.0,5
mganolia,magnolia,1.0,5
manhester,manchester,1.0,5
flourtown,township,1.0,5
siidney,sidney,1.0,5
alubquerque,albuquerque,1.0,5
crossec,of,1.0,5
fremnot,fremont,1.0,5
lale,lane,1.0,5
226rd,226th,1.0,5
niagraa,wheatfield,0.6,5
118nd,118th,1.0,5
mdison,of,0.6,5
wstlake,thousand,0.6,5
inchester,winchester,1.0,5
murffreesboro,murfreesboro,1.0,5
douglsa,douglas,0.8,5
pttstown,township,0.6,5
athhens,athens,1.0,5
gllen,glen,1.0,5
puebol,pueblo,1.0,5
shakkopee,shakopee,1.0,5
malius,manlius,1.0,5
smithtwon,smithtown,1.0,5
mnin,main,1.0,5
bullheaad,bullhead,1.0,5
ashko,ashok,1.0,5
roxbuury,boston,1.0,5
murfreesborro,murfreesboro,1.0,5
125c,125,1.0,5
mcheny,mchenry,1.0,5
inverg,grove,1.0,5
mrysville,marysville,1.0,5
louisvville,louisville,1.0,5
dnive,drive,1.0,5
helenville,of,1.0,5
calcium,le,1.0,5
ppine,pine,1.0,5
sccottsdale,scottsdale,1.0,5
federicksburg,county,1.0,5
beeaumont,beaumont,1.0,5
haarbor,harbor,1.0,5
islnad,island,0.8,5
hanovre,hanover,1.0,5
gey,telangana,1.0,5
warrentno,town,0.8,5
bbee,newport,1.0,5
taunotn,taunton,1.0,5
precott,prescott,1.0,5
kanass,kansas,1.0,5
grosvenordale,thompson,1.0,5
caary,cary,1.0,5
fraknlin,franklin,1.0,5
ashebro,asheboro,1.0,5
newpor,newport,1.0,5
vettuvangani,tamil,0.8,5
frannklin,franklin,0.8,5
daavenport,davenport,1.0,5
louivsille,louisville,1.0,5
hammilton,hamilton,1.0,5
saandy,sandy,1.0,5
otnario,ontario,1.0,5
baay,bay,1.0,5
fairportt,ny,0.8,5
bessemmer,bessemer,1.0,5
132c,132,1.0,5
rockwaall,rockwall,1.0,5
609d,609,1.0,5
stpaul,saint,0.8,5
jacksonviille,jacksonville,1.0,5
eevrett,everett,1.0,5
endicottt,ny,0.6,5
rilato,rialto,1.0,5
avemue,avenue,1.0,5
gaardner,gardner,1.0,5
arkadlphia,ar,1.0,5
sbop,shop,1.0,5
louisbburg,louisburg,1.0,5
naerville,naperville,1.0,5
296rd,296th,1.0,5
linocln,lincoln,1.0,5
chattanooa,chattanooga,0.8,5
delware,delaware,1.0,5
187st,187th,1.0,5
fayyetteville,fayetteville,1.0,5
westllake,westlake,1.0,5
florissatn,florissant,1.0,5
dceatur,decatur,0.8,5
albearle,albemarle,1.0,5
wihte,white,1.0,5
darieen,darien,1.0,5
davnille,danville,0.8,5
mancheter,manchester,1.0,5
houee,house,1.0,5
chicoee,chicopee,1.0,5
woodbridgge,county,1.0,5
clolierville,collierville,1.0,5
nrouge,baton,0.8,5
104st,104th,1.0,5
silvre,silver,1.0,5
ornage,orange,0.8,5
asland,ashland,1.0,5
seaattle,seattle,1.0,5
birminghham,al,0.8,5
500d,500,1.0,5
eugne,or,1.0,5
231th,231st,1.0,5
falmouh,falmouth,0.8,5
urbandlae,urbandale,1.0,5
wtertown,watertown,0.8,5
riverotn,co,0.6,5
1818b,1818,1.0,5
knoxvlle,knoxville,1.0,5
appletn,of,1.0,5
stering,sterling,0.8,5
cheapeake,chesapeake,1.0,5
annna,anna,1.0,5
wobuurn,woburn,1.0,5
193th,193rd,1.0,5
garhirami,uttar,1.0,5
micthell,mitchell,0.6,5
tauntoon,street,1.0,5
joneboro,jonesboro,1.0,5
fole,foley,1.0,5
auurn,auburn,1.0,5
higland,highland,0.8,5
mouunt,mount,0.8,5
mattersham,haryana,0.8,5
coolumbia,columbia,1.0,5
ellmira,elmira,1.0,5
corvalliis,corvallis,1.0,5
shtp,shop,1.0,5
belingham,bellingham,1.0,5
dleano,delano,1.0,5
bismrack,bismarck,1.0,5
maron,marion,0.8,5
thalequah,tahlequah,1.0,5
chetser,chester,0.6,5
charddon,chardon,0.8,5
milsl,mills,0.8,5
frsico,frisco,1.0,5
joradn,city,0.6,5
4500b,4500,1.0,5
junctoin,junction,1.0,5
tcdp,elmhurst,0.6,5
pwell,powell,1.0,5
georgteown,georgetown,1.0,5
182th,182nd,1.0,5
rosharn,rosharon,1.0,5
157d,157,1.0,5
sttae,state,1.0,5
fayettevile,fayetteville,1.0,5
glaa,gala,1.0,5
wooodbury,woodbury,0.6,5
cmas,camas,1.0,5
catonsviille,catonsville,1.0,5
scheenectady,schenectady,0.6,5
daisytown,west,1.0,5
lockpot,lockport,1.0,5
mobilee,mobile,1.0,5
librety,liberty,1.0,5
goldcanyon,canyon,1.0,5
ahstabula,ashtabula,1.0,5
billinggs,billings,1.0,5
manro,manor,0.8,5
memphiss,memphis,1.0,5
mauee,maumee,1.0,5
avenle,avenue,1.0,5
annnapolis,annapolis,1.0,5
ontrio,ontario,1.0,5
galrand,garland,1.0,5
atlatna,atlanta,1.0,5
braintreee,braintree,1.0,5
avgnue,avenue,1.0,5
jmaestown,jamestown,0.8,5
